{
  "0.13-q-20201028-unofficial-twolip": 1,
  "17.0-20190923-unofficial-twolip": 9,
  "17.0-20191126-unofficial-twolip": 129,
  "17.1-20200104-unofficial-twolip": 34,
  "17.1-20200529-nightly-twolip": 4,
  "17.1-20200602-nightly-twolip": 4,
  "17.1-20200604-nightly-twolip": 2,
  "17.1-20200608-nightly-twolip": 1,
  "17.1-20200615-nightly-twolip": 6,
  "17.1-20200622-nightly-twolip": 8,
  "17.1-20200629-nightly-twolip": 13,
  "17.1-20200713-nightly-twolip": 2,
  "17.1-20200720-nightly-twolip": 11,
  "17.1-20200727-nightly-twolip": 12,
  "17.1-20200803-nightly-twolip": 29,
  "17.1-20200821-microg-twolip": 5,
  "17.1-20200827-microg-twolip": 2,
  "17.1-20200831-nightly-twolip": 21,
  "17.1-20200907-nightly-twolip": 26,
  "17.1-20200914-nightly-twolip": 59,
  "17.1-20200921-nightly-twolip": 174,
  "17.1-20200925-microg-twolip": 12,
  "17.1-20200928-nightly-twolip": 235,
  "17.1-20201006-unofficial-twolip": 2,
  "17.1-20201008-unofficial-twolip": 14,
  "17.1-20201012-nightly-twolip": 146,
  "17.1-20201016-microg-twolip": 16,
  "17.1-20201019-nightly-twolip": 168,
  "17.1-20201026-nightly-twolip": 302,
  "17.1-20201104-unofficial-twolip": 2,
  "17.1-20201110-microg-twolip": 9,
  "17.1-20201110-nightly-twolip": 120,
  "17.1-20201116-nightly-twolip": 142,
  "17.1-20201118-unofficial-twolip": 4,
  "17.1-20201119-unofficial-twolip": 2,
  "17.1-20201123-nightly-twolip": 158,
  "17.1-20201123-unofficial-twolip": 1,
  "17.1-20201124-unofficial-twolip": 1,
  "17.1-20201130-nightly-twolip": 144,
  "17.1-20201130-unofficial-twolip": 1,
  "17.1-20201202-unofficial-twolip": 2,
  "17.1-20201205-unofficial-twolip": 3,
  "17.1-20201206-microg-twolip": 12,
  "17.1-20201206-unofficial-twolip": 1,
  "17.1-20201207-nightly-twolip": 183,
  "17.1-20201214-nightly-twolip": 175,
  "18.0-20200928-unofficial-twolip": 1,
  "18.0-20200929-unofficial-twolip": 117,
  "18.0-20201002-unofficial-twolip": 249,
  "18.0-20201013-unofficial-twolip": 1,
  "18.0-20201215-unofficial-twolip": 1,
  "caaktus 1": 1,
  "lineage_twolip-userdebug 10 qq3a.200805.001 eng.street.20201207.035144 test-keys": 12,
  "lineage_twolip-userdebug 10 qq3a.200805.001 eng.street.20201209.073428 test-keys": 1,
  "lineage_twolip-userdebug 10 qq3a.200805.001 eng.teamor.20201211.081652 test-keys": 4,
  "lineage_twolip-userdebug 10 qq3a.200805.001 eng.teamor.20201211.214613 test-keys": 1,
  "lineage_twolip-userdebug 10 qq3a.200805.001 eng.teamor.20201213.091908 test-keys": 2,
  "lineage_twolip-userdebug 10 qq3a.200805.001 eng.teamor.20201213.161920 test-keys": 2,
  "lineage_twolip-userdebug 10 qq3a.200805.001 eng.teamor.20201214.050544 test-keys": 1,
  "lineage_twolip-userdebug 10 qq3a.200805.001 eng.teamor.20201214.211455 test-keys": 1,
  "lineage_twolip-userdebug 10 qq3a.200805.001 eng.teamor.20201215.040230 test-keys": 1,
  "lineage_twolip-userdebug 10 qq3a.200805.001 eng.teamor.20201215.181726 test-keys": 1,
  "lineage_twolip-userdebug 10 qq3a.200805.001 eng.teamor.20201216.223943 test-keys": 2,
  "lineage_twolip-userdebug 10 qq3a.200805.001 eng.teamor.20201218.153541 test-keys": 1,
  "rr_twolip-userdebug 10 qq3a.200905.001 4 release-keys": 1
}