{
  "16.0-20190917-unofficial-grus": 5,
  "16.0-20191004-unofficial-grus": 1,
  "16.0-20191015-unofficial-grus": 7,
  "16.0-20200409-unofficial-kudproject-grus": 3,
  "16.0-20200525-unofficial-hammerhead": 28,
  "17.1-20200114-unofficial-grus": 1,
  "17.1-20200513-unofficial-grus": 1,
  "17.1-20200608-unofficial-grus": 2,
  "17.1-20200715-unofficial-tissot": 2006,
  "17.1-20200809-unofficial-grus": 1,
  "17.1-20200821-unofficial-z3": 1178,
  "17.1-20200918-unofficial-grus": 44,
  "17.1-20201019-unofficial-grus": 107,
  "17.1-20201221-unofficial-grus": 1,
  "18.0-20201222-unofficial-grus": 1,
  "18.1-20201223-unofficial-grus": 3,
  "18.1-20201225-unofficial-grus": 24,
  "18.1-20201226-unofficial-grus": 5,
  "18.1-20201227-unofficial-grus": 10,
  "18.1-20201228-unofficial-grus": 11,
  "18.1-20201229-unofficial-grus": 12,
  "18.1-20210101-unofficial-grus": 1,
  "mi 9 se": 42,
  "rr_grus-userdebug 10 qq3a.200905.001 eng.francy.20201004.110419 test-keys": 8,
  "rr_grus-userdebug 10 qq3a.200905.001 eng.francy.20201015.182841 test-keys": 5,
  "rr_grus-userdebug 10 qq3a.200905.001 eng.francy.20201112.002424 test-keys": 3
}