{
  "16.0-20190917-unofficial-grus": 5,
  "16.0-20191004-unofficial-grus": 1,
  "16.0-20191015-unofficial-grus": 5,
  "16.0-20200409-unofficial-kudproject-grus": 3,
  "16.0-20200525-unofficial-hammerhead": 21,
  "17.1-20200114-unofficial-grus": 1,
  "17.1-20200608-unofficial-grus": 2,
  "17.1-20200715-unofficial-tissot": 233,
  "17.1-20200809-unofficial-grus": 1,
  "17.1-20200821-unofficial-z3": 670,
  "17.1-20200918-unofficial-grus": 42,
  "17.1-20201019-unofficial-grus": 89,
  "mi 9 se": 30,
  "rr_grus-userdebug 10 qq3a.200905.001 eng.francy.20201004.110419 test-keys": 8,
  "rr_grus-userdebug 10 qq3a.200905.001 eng.francy.20201015.182841 test-keys": 5,
  "rr_grus-userdebug 10 qq3a.200905.001 eng.francy.20201112.002424 test-keys": 3
}