{
  "10.0-20201103-unofficial-snapshot-lmi": 2,
  "17.1": 1,
  "17.1-20200928-unofficial-sagit": 1,
  "17.1-20201006-unofficial-lmi": 1,
  "17.1-20201007-unofficial-lmi": 852,
  "17.1-20201008-unofficial-lmi": 2,
  "17.1-20201012-unofficial-lmi": 3,
  "17.1-20201013-unofficial-lmi": 1,
  "17.1-20201014-unofficial-lmi": 2,
  "17.1-20201017-unofficial-lmi": 4,
  "17.1-20201025-unofficial-lmi": 2,
  "17.1-20201027-unofficial-lmi": 44,
  "17.1-20201029-unofficial-lmi": 1,
  "17.1-20201030-unofficial-lmi": 4,
  "17.1-20201031-unofficial-lmi": 14,
  "17.1-20201101-unofficial-lmi": 36,
  "17.1-20201104-unofficial-lmi": 617,
  "17.1-20201119-unofficial-lmi": 52,
  "17.1-20201211-unofficial-lmi": 1,
  "18.0-20201214-unofficial-lmi": 2,
  "18.1-20201216-unofficial-lmi": 128,
  "18.1-20201218-unofficial-lmi": 1,
  "lmi-user 10 qkq1.191117.002 v12.0.1.0.qjkcnxm release-keys": 1,
  "qq3a.200805.001": 7,
  "rr_lmi-userdebug 10 qq3a.200905.001 eng.zerynj.20201013.170450 test-keys": 35
}