{
  "14.1-20171202_184154-unofficial-gtaxllte": 2,
  "14.1-20171231_105512-unofficial-gtaxllte": 30,
  "14.1-20180520-unofficial-gtaxllte": 1,
  "14.1-20180613-unofficial-gtaxllte": 1,
  "14.1-20180825-unofficial-gtaxllte": 6,
  "14.1-20180924-unofficial-gtaxllte": 1,
  "14.1-20181218-unofficial-gtaxllte": 1,
  "14.1-20191223-unofficial-gtaxllte": 6,
  "14.1-20200214-unofficial-gtaxllte": 1,
  "15.1-20180224-unofficial-gtaxllte": 3,
  "15.1-20180521-unofficial-gtaxllte": 6,
  "15.1-20180704-unofficial-gtaxllte": 24,
  "15.1-20180711-unofficial-gtaxllte": 1,
  "15.1-20180719-unofficial-gtaxllte": 21,
  "15.1-20180919-unofficial-gtaxllte": 12,
  "15.1-20181014-unofficial-gtaxllte": 1,
  "16.0-20181010-unofficial-gtaxllte": 1,
  "16.0-20181011-unofficial-gtaxllte": 1,
  "16.0-20181102-unofficial-gtaxllte": 1,
  "16.0-20181204-unofficial-gtaxllte": 6,
  "16.0-20181223-unofficial-gtaxllte": 3,
  "16.0-20190110-unofficial-gtaxllte": 41,
  "16.0-20190126-unofficial-gtaxllte": 5,
  "16.0-20190208-unofficial-gtaxllte": 7,
  "16.0-20190331-unofficial-gtaxllte": 11,
  "16.0-20190518-unofficial-gtaxllte": 124,
  "16.0-20190707-unofficial-gtaxllte": 23,
  "16.0-20190811-unofficial-gtaxllte": 3,
  "16.0-20190911-unofficial-gtaxllte": 23,
  "16.0-20191023-unofficial-gtaxllte": 8,
  "16.0-20191113-unofficial-gtaxllte": 21,
  "16.0-20191211-unofficial-gtaxllte": 146,
  "16.0-20191220-phoenix-gtaxllte": 1,
  "16.0-20200108-unofficial-gtaxllte": 1,
  "17.0-20190926-unofficial-gtaxllte": 5,
  "17.0-20190928-unofficial-gtaxllte": 1,
  "17.0-20190929-unofficial-gtaxllte": 43,
  "17.0-20191003-unofficial-gtaxllte": 1,
  "17.0-20191007-unofficial-gtaxllte": 1,
  "17.0-20191013-unofficial-gtaxllte": 15,
  "17.0-20191026-unofficial-gtaxllte": 7,
  "17.0-20191114-unofficial-gtaxllte": 3,
  "17.0-20191116-unofficial-gtaxllte": 14,
  "17.0-20191202-unofficial-gtaxllte": 39,
  "17.1-20200113-unofficial-gtaxllte": 80,
  "17.1-20200211-unofficial-gtaxllte": 123,
  "rr_gtaxllte-userdebug 10 qp1a.191005.007 eng.follow.20191101.143351 test-keys": 5,
  "rr_gtaxllte-userdebug 10 qp1a.191105.004 eng.follow.20191110.000142 test-keys": 1,
  "rr_gtaxllte-userdebug 10 qp1a.191105.004 eng.follow.20191114.212346 test-keys": 1,
  "rr_gtaxllte-userdebug 10 qp1a.191105.004 eng.follow.20191120.155226 test-keys": 1,
  "rr_gtaxllte-userdebug 10 qp1a.191105.004 eng.follow.20191124.193647 test-keys": 10,
  "rr_gtaxllte-userdebug 10 qp1a.191105.004 eng.follow.20191222.015015 test-keys": 121,
  "rr_gtaxllte-userdebug 10 qp1a.191105.004 eng.hatine.20200131.121305 test-keys": 1
}