{
  "14.1-20171202_184154-unofficial-gtaxllte": 3,
  "14.1-20171231_105512-unofficial-gtaxllte": 29,
  "14.1-20180520-unofficial-gtaxllte": 1,
  "14.1-20180613-unofficial-gtaxllte": 1,
  "14.1-20180825-unofficial-gtaxllte": 7,
  "14.1-20180924-unofficial-gtaxllte": 1,
  "14.1-20181218-unofficial-gtaxllte": 1,
  "14.1-20191115-unofficial-gtaxllte": 3,
  "14.1-20191223-unofficial-gtaxllte": 8,
  "15.1 -flu": 1,
  "15.1-20180224-unofficial-gtaxllte": 3,
  "15.1-20180521-unofficial-gtaxllte": 7,
  "15.1-20180704-unofficial-gtaxllte": 24,
  "15.1-20180711-unofficial-gtaxllte": 1,
  "15.1-20180719-unofficial-gtaxllte": 43,
  "15.1-20180919-unofficial-gtaxllte": 19,
  "15.1-20181014-unofficial-gtaxllte": 1,
  "16.0-20181010-unofficial-gtaxllte": 1,
  "16.0-20181011-unofficial-gtaxllte": 1,
  "16.0-20181102-unofficial-gtaxllte": 1,
  "16.0-20181204-unofficial-gtaxllte": 7,
  "16.0-20181223-unofficial-gtaxllte": 4,
  "16.0-20190110-unofficial-gtaxllte": 46,
  "16.0-20190126-unofficial-gtaxllte": 6,
  "16.0-20190208-unofficial-gtaxllte": 7,
  "16.0-20190331-unofficial-gtaxllte": 12,
  "16.0-20190518-unofficial-gtaxllte": 121,
  "16.0-20190707-unofficial-gtaxllte": 28,
  "16.0-20190811-unofficial-gtaxllte": 3,
  "16.0-20190911-unofficial-gtaxllte": 29,
  "16.0-20191023-unofficial-gtaxllte": 12,
  "16.0-20191113-unofficial-gtaxllte": 53,
  "16.0-20191126-unofficial-gtaxllte": 2,
  "16.0-20191129-phoenix-gtaxllte": 1,
  "16.0-20191203-phoenix-gtaxllte": 1,
  "16.0-20191206-phoenix-gtaxllte": 1,
  "16.0-20191211-phoenix-gtaxllte": 1,
  "16.0-20191211-unofficial-gtaxllte": 147,
  "16.0-20191217-phoenix-gtaxllte": 1,
  "16.0-20200108-unofficial-gtaxllte": 1,
  "17.0-20190926-unofficial-gtaxllte": 2,
  "17.0-20190929-unofficial-gtaxllte": 42,
  "17.0-20191003-unofficial-gtaxllte": 1,
  "17.0-20191007-unofficial-gtaxllte": 2,
  "17.0-20191013-unofficial-gtaxllte": 14,
  "17.0-20191026-unofficial-gtaxllte": 10,
  "17.0-20191114-unofficial-gtaxllte": 7,
  "17.0-20191116-unofficial-gtaxllte": 45,
  "17.0-20191126-unofficial-gtaxllte": 1,
  "17.0-20191127-unofficial-gtaxllte": 2,
  "17.0-20191202-unofficial-gtaxllte": 100,
  "17.1-20200113-unofficial-gtaxllte": 77,
  "17.1-20200211-unofficial-gtaxllte": 53,
  "rr_gtaxllte-userdebug 10 qp1a.191005.007 eng.follow.20191101.143351 test-keys": 4,
  "rr_gtaxllte-userdebug 10 qp1a.191105.004 eng.follow.20191110.000142 test-keys": 1,
  "rr_gtaxllte-userdebug 10 qp1a.191105.004 eng.follow.20191114.212346 test-keys": 2,
  "rr_gtaxllte-userdebug 10 qp1a.191105.004 eng.follow.20191120.155226 test-keys": 4,
  "rr_gtaxllte-userdebug 10 qp1a.191105.004 eng.follow.20191124.193647 test-keys": 61,
  "rr_gtaxllte-userdebug 10 qp1a.191105.004 eng.follow.20191222.015015 test-keys": 124,
  "rr_gtaxllte-userdebug 10 qp1a.191105.004 eng.hatine.20200131.121305 test-keys": 1
}