{
  "baku_hantam-lite": 2,
  "baku_hantam_rom-5.5": 1,
  "rr_x00td-userdebug 10 qq3a.200805.001 eng.azureu.20200812.022354 test-keys": 5,
  "rr_x00td-userdebug 10 qq3a.200805.001 eng.azureu.20200814.033606 test-keys": 160,
  "rr_x00td-userdebug 10 qq3a.200805.001 eng.azureu.20200820.093902 test-keys": 137,
  "rr_x00td-userdebug 10 qq3a.200905.001 085241 release-keys": 30,
  "rr_x00td-userdebug 10 qq3a.200905.001 eng.azureu.20200912.165717 release-keys": 1,
  "rr_x00td-userdebug 10 qq3a.200905.001 eng.azureu.20200913.090612 release-keys": 257,
  "rr_x00td-userdebug 10 qq3a.200905.001 eng.azureu.20200918.043610 release-keys": 1,
  "rr_x00td-userdebug 10 qq3a.200905.001 eng.azureu.20200921.182226 release-keys": 2,
  "rr_x00td-userdebug 10 qq3a.200905.001 eng.azureu.20200922.080154 release-keys": 848,
  "rr_x00td-userdebug 10 qq3a.200905.001 eng.azureu.20201003.135036 release-keys": 1,
  "rr_x00td-userdebug 10 qq3a.200905.001 eng.azureu.20201006.153126 release-keys": 4,
  "rr_x00td-userdebug 10 qq3a.200905.001 eng.azureu.20201009.044853 release-keys": 1,
  "rr_x00td-userdebug 10 qq3a.200905.001 eng.azureu.20201011.060028 release-keys": 577,
  "rr_x00td-userdebug 10 qq3a.200905.001 eng.azureu.20201016.065120 release-keys": 1,
  "rr_x00td-userdebug 10 qq3a.200905.001 eng.azureu.20201020.041549 release-keys": 1,
  "rr_x00td-userdebug 10 qq3a.200905.001 eng.azureu.20201021.084919 release-keys": 1137,
  "rr_x00td-userdebug 10 qq3a.200905.001 eng.azureu.20201110.085241 release-keys": 1653,
  "rr_x00td-userdebug 10 qq3a.200905.001 eng.azureu.20201110.135317 release-keys": 2,
  "rr_x00td-userdebug 10 qq3a.200905.001 eng.mst.20201127.153933 test-keys": 1,
  "rr_x00td-userdebug 10 qq3a.200905.001 eng.mst.20201128.112122 test-keys": 122,
  "rr_x00td-userdebug 10 qq3a.200905.001 eng.ubuntu.20201217.020433 test-keys": 41,
  "rr_x00td-userdebug 10 qq3a.200905.001 eng.ubuntu.20201217.090712 test-keys": 22
}