{
  "14.1-20171130_140838-unofficial-sanders": 2,
  "14.1-20171201_140511-unofficial-sanders": 1,
  "15.1-20180208-unofficial-sanders": 4,
  "15.1-20180422-unofficial-sanders": 33,
  "15.1-20180607-unofficial-sanders": 1,
  "15.1-20180703-unofficial-sanders": 1,
  "15.1-20180707-unofficial-sanders": 6,
  "15.1-20180720-unofficial-sanders": 1,
  "15.1-20180913-unofficial-sanders": 147,
  "16.0-20180920-unofficial-sanders": 203,
  "16.0-20181018-unofficial-sanders": 16,
  "16.0-20181114-unofficial-sanders": 3,
  "16.0-20181129-unofficial-sanders": 10,
  "16.0-20181209-unofficial-sanders": 39,
  "16.0-20181221-unofficial-sanders": 2,
  "16.0-20190105-unofficial-sanders": 7,
  "16.0-20190111-unofficial-sanders": 52,
  "16.0-20190120-unofficial-sanders": 17,
  "16.0-20190220-unofficial-sanders": 4,
  "16.0-20190227-unofficial-sanders": 155,
  "16.0-20190306-unofficial-sanders": 1,
  "16.0-20190307-unofficial-sanders": 1,
  "16.0-20190309-unofficial-sanders": 41,
  "16.0-20190310-unofficial-sanders": 482,
  "16.0-20190311-unofficial-sanders": 5,
  "16.0-20190314-unofficial-sanders": 2,
  "16.0-20190317-unofficial-sanders": 1,
  "16.0-20190328-unofficial-sanders": 3,
  "16.0-20190405-unofficial-sanders": 1,
  "16.0-20190407-unofficial-sanders": 1,
  "16.0-20190411-unofficial-sanders": 493,
  "16.0-20190417-unofficial-mendigodepijama-sanders": 2,
  "16.0-20190418-unofficial-mendigodepijama-sanders": 1,
  "16.0-20190420-unofficial-mendigodepijama-sanders": 1,
  "16.0-20190422-unofficial-mendigodepijama-sanders": 2,
  "16.0-20190428-unofficial-mendigodepijama-sanders": 2,
  "16.0-20190502-unofficial-mendigodepijama-sanders": 4,
  "16.0-20190510-unofficial-mendigodepijama-sanders": 4,
  "16.0-20190511-unofficial-sanders": 341,
  "16.0-20190521-unofficial-sanders": 2,
  "16.0-20190524-unofficial-sanders": 1,
  "16.0-20190531-unofficial-sanders": 1,
  "aosp_sanders-userdebug 9 pq3a.190505.002 eng.root.20190526.211226 test-keys": 2,
  "aosp_sanders-userdebug 9 pq3a.190505.002 eng.root.20190527.033615 test-keys": 54,
  "sanders-pie-20190504-1915-unofficial": 1
}