{
  "14.1-20171130_140838-unofficial-sanders": 3,
  "14.1-20171201_140511-unofficial-sanders": 3,
  "15.1-20180422-unofficial-sanders": 7,
  "15.1-20180622-unofficial-sanders": 1,
  "15.1-20180707-unofficial-sanders": 2,
  "15.1-20180720-unofficial-sanders": 2,
  "15.1-20180913-unofficial-sanders": 41,
  "15.1-20181018-unofficial-sanders": 1,
  "15.1-20190117-snapshot-noevh-sanders": 1,
  "16.0-20180920-unofficial-sanders": 71,
  "16.0-20181009-unofficial-sanders": 3,
  "16.0-20181018-unofficial-sanders": 2,
  "16.0-20181129-unofficial-sanders": 6,
  "16.0-20181209-unofficial-sanders": 4,
  "16.0-20190111-unofficial-sanders": 8,
  "16.0-20190120-unofficial-sanders": 1,
  "16.0-20190227-unofficial-sanders": 9,
  "16.0-20190310-unofficial-sanders": 6,
  "16.0-20190411-unofficial-sanders": 20,
  "16.0-20190511-unofficial-sanders": 35,
  "16.0-20190609-unofficial-sanders": 8,
  "16.0-20190704-unofficial-sanders": 9,
  "16.0-20190711-unofficial-sanders": 6,
  "16.0-20190720-unofficial-sanders": 4,
  "16.0-20190728-unofficial-sanders": 18,
  "16.0-20191004-unofficial-sanders": 71,
  "16.0-20200124-unofficial-sanders": 3,
  "16.0-20200211-unofficial-sanders": 1,
  "16.0-20200410-unofficial-sanders": 2,
  "16.0-20200415-unofficial-sanders": 14,
  "16.0-20200515-unofficial-sanders": 3,
  "16.0-20200615-unofficial-sanders": 1,
  "16.0-20200815-unofficial-sanders": 19,
  "16.0-20200916-unofficial-sanders": 39,
  "16.0-20201015-unofficial-sanders": 30,
  "17.0-20191002-unofficial-sanders": 24,
  "17.0-20191005-unofficial-sanders": 12,
  "17.1-20200105-unofficial-sanders": 64,
  "17.1-20200110-unofficial-sanders": 4,
  "17.1-20200516-unofficial-sanders": 9,
  "17.1-20200521-unofficial-sanders": 12,
  "17.1-20200608-unofficial-sanders": 42,
  "17.1-20200720-unofficial-sanders": 185,
  "17.1-20200829-unofficial-sanders": 1,
  "17.1-20200830-unofficial-tissot": 1,
  "17.1-20201015-unofficial-sanders": 62,
  "17.1-20201108-unofficial-sanders": 3,
  "17.1-20201110-unofficial-sanders": 33,
  "aosp_sanders-userdebug 9 pq3a.190505.002 eng.root.20190527.033615 test-keys": 1,
  "aosp_sanders-userdebug 9 pq3a.190605.003 eng.root.20190610.170100 test-keys": 1,
  "hydrus_sanders-userdebug 9 pq3a.190801.002 eng.jorge.20190811.214140 test-keys": 2,
  "qq3a.200605.001": 2,
  "qq3a.200705.002": 3,
  "qq3a.200805.001": 206
}