{
  "14.1-20171130_140838-unofficial-sanders": 5,
  "15.1-20180208-unofficial-sanders": 6,
  "15.1-20180422-unofficial-sanders": 16,
  "15.1-20180607-unofficial-sanders": 1,
  "15.1-20180703-unofficial-sanders": 2,
  "15.1-20180707-unofficial-sanders": 7,
  "15.1-20180913-unofficial-sanders": 138,
  "16.0-20180920-unofficial-sanders": 130,
  "16.0-20181018-unofficial-sanders": 12,
  "16.0-20181114-unofficial-sanders": 2,
  "16.0-20181129-unofficial-sanders": 17,
  "16.0-20181209-unofficial-sanders": 19,
  "16.0-20181221-unofficial-sanders": 4,
  "16.0-20190105-unofficial-sanders": 1,
  "16.0-20190111-unofficial-sanders": 33,
  "16.0-20190120-unofficial-sanders": 13,
  "16.0-20190220-unofficial-sanders": 5,
  "16.0-20190227-unofficial-sanders": 67,
  "16.0-20190309-unofficial-sanders": 3,
  "16.0-20190310-unofficial-sanders": 96,
  "16.0-20190411-unofficial-sanders": 292,
  "16.0-20190502-unofficial-mendigodepijama-sanders": 2,
  "16.0-20190510-unofficial-mendigodepijama-sanders": 4,
  "16.0-20190511-unofficial-sanders": 473,
  "16.0-20190521-unofficial-sanders": 2,
  "16.0-20190524-unofficial-sanders": 1,
  "16.0-20190531-unofficial-sanders": 1,
  "16.0-20190609-unofficial-sanders": 265,
  "16.0-20190704-unofficial-sanders": 123,
  "16.0-20190711-unofficial-sanders": 78,
  "16.0-20190712-unofficial-mendigodepijama-sanders": 1,
  "16.0-20190713-unofficial-mendigodepijama-sanders": 1,
  "16.0-20190720-unofficial-mendigodepijama-sanders": 2,
  "16.0-20190720-unofficial-sanders": 101,
  "16.0-20190723_192300-unofficial-mendigodepijama-sanders": 1,
  "16.0-20190724-unofficial-sanders": 8,
  "16.0-20190727_135551-unofficial-maxplus-sanders": 2,
  "16.0-20190728-unofficial-sanders": 77,
  "aosp_sanders-userdebug 9 pq3a.190505.002 eng.root.20190526.211226 test-keys": 2,
  "aosp_sanders-userdebug 9 pq3a.190505.002 eng.root.20190527.033615 test-keys": 109,
  "aosp_sanders-userdebug 9 pq3a.190605.003 eng.root.20190610.043801 test-keys": 1,
  "aosp_sanders-userdebug 9 pq3a.190605.003 eng.root.20190610.170100 test-keys": 82,
  "hydrus_sanders-userdebug 9 pq3a.190705.003 eng.root.20190722.233545 test-keys": 1,
  "sanders-pie-20190504-1915-unofficial": 1
}