{
  "14.1-20171130_140838-unofficial-sanders": 3,
  "14.1-20171201_140511-unofficial-sanders": 3,
  "15.1-20180208-unofficial-sanders": 1,
  "15.1-20180422-unofficial-sanders": 7,
  "15.1-20180622-unofficial-sanders": 1,
  "15.1-20180707-unofficial-sanders": 2,
  "15.1-20180720-unofficial-sanders": 2,
  "15.1-20180913-unofficial-sanders": 59,
  "15.1-20181018-unofficial-sanders": 1,
  "15.1-20190117-snapshot-noevh-sanders": 1,
  "16.0-20180920-unofficial-sanders": 77,
  "16.0-20181009-unofficial-sanders": 3,
  "16.0-20181018-unofficial-sanders": 2,
  "16.0-20181114-unofficial-sanders": 1,
  "16.0-20181129-unofficial-sanders": 9,
  "16.0-20181209-unofficial-sanders": 4,
  "16.0-20190111-unofficial-sanders": 9,
  "16.0-20190120-unofficial-sanders": 1,
  "16.0-20190227-unofficial-sanders": 9,
  "16.0-20190310-unofficial-sanders": 7,
  "16.0-20190411-unofficial-sanders": 22,
  "16.0-20190511-unofficial-sanders": 46,
  "16.0-20190609-unofficial-sanders": 8,
  "16.0-20190704-unofficial-sanders": 12,
  "16.0-20190711-unofficial-sanders": 13,
  "16.0-20190720-unofficial-sanders": 4,
  "16.0-20190728-unofficial-sanders": 20,
  "16.0-20191004-unofficial-sanders": 85,
  "16.0-20200124-unofficial-sanders": 3,
  "16.0-20200211-unofficial-sanders": 2,
  "16.0-20200410-unofficial-sanders": 2,
  "16.0-20200415-unofficial-sanders": 16,
  "16.0-20200515-unofficial-sanders": 3,
  "16.0-20200815-unofficial-sanders": 19,
  "16.0-20200916-unofficial-sanders": 40,
  "16.0-20201015-unofficial-sanders": 46,
  "17.0-20191002-unofficial-sanders": 32,
  "17.0-20191005-unofficial-sanders": 14,
  "17.1-20200105-unofficial-sanders": 68,
  "17.1-20200110-unofficial-sanders": 4,
  "17.1-20200304-unofficial-sanders": 2,
  "17.1-20200516-unofficial-sanders": 10,
  "17.1-20200521-unofficial-sanders": 12,
  "17.1-20200608-unofficial-sanders": 47,
  "17.1-20200720-unofficial-sanders": 226,
  "17.1-20200829-unofficial-sanders": 1,
  "17.1-20200830-unofficial-tissot": 1,
  "17.1-20201015-unofficial-sanders": 67,
  "17.1-20201108-unofficial-sanders": 3,
  "17.1-20201110-unofficial-sanders": 92,
  "17.1-20201117-unofficial-sanders": 2,
  "17.1-20201122-unofficial-sanders": 11,
  "17.1-20201204-unofficial-sanders": 1,
  "17.1-20201205-unofficial-sanders": 1,
  "18.0-20201013-unofficial-sanders": 1,
  "3.r.beta-2": 1,
  "aosp_sanders-userdebug 9 pq3a.190505.002 eng.root.20190527.033615 test-keys": 1,
  "aosp_sanders-userdebug 9 pq3a.190605.003 eng.root.20190610.170100 test-keys": 1,
  "hydrus_sanders-userdebug 9 pq3a.190801.002 eng.jorge.20190811.214140 test-keys": 2,
  "qq3a.200605.001": 2,
  "qq3a.200705.002": 3,
  "qq3a.200805.001": 225
}