{
  "14.1-20171130_140838-unofficial-sanders": 3,
  "15.1-20180208-unofficial-sanders": 2,
  "15.1-20180422-unofficial-sanders": 11,
  "15.1-20180703-unofficial-sanders": 3,
  "15.1-20180707-unofficial-sanders": 3,
  "15.1-20180913-unofficial-sanders": 75,
  "15.1-20190117-snapshot-noevh-sanders": 1,
  "16.0-20180920-unofficial-sanders": 81,
  "16.0-20181018-unofficial-sanders": 4,
  "16.0-20181114-unofficial-sanders": 2,
  "16.0-20181129-unofficial-sanders": 7,
  "16.0-20181209-unofficial-sanders": 7,
  "16.0-20190105-unofficial-sanders": 1,
  "16.0-20190111-unofficial-sanders": 15,
  "16.0-20190120-unofficial-sanders": 2,
  "16.0-20190227-unofficial-sanders": 33,
  "16.0-20190309-unofficial-sanders": 5,
  "16.0-20190310-unofficial-sanders": 13,
  "16.0-20190411-unofficial-sanders": 89,
  "16.0-20190511-unofficial-sanders": 103,
  "16.0-20190609-unofficial-sanders": 14,
  "16.0-20190704-unofficial-sanders": 32,
  "16.0-20190711-unofficial-sanders": 10,
  "16.0-20190720-unofficial-sanders": 3,
  "16.0-20190728-unofficial-sanders": 48,
  "16.0-20191004-unofficial-sanders": 282,
  "16.0-20200124-unofficial-sanders": 13,
  "16.0-20200211-unofficial-sanders": 43,
  "17.0-20191002-unofficial-sanders": 63,
  "17.0-20191005-unofficial-sanders": 164,
  "17.0-20191230-unofficial-sanders": 11,
  "17.0-20200106-unofficial-sanders": 1,
  "17.0-20200108-unofficial-sanders": 1,
  "17.1-20200105-unofficial-sanders": 356,
  "17.1-20200110-unofficial-sanders": 159,
  "17.1-20200124-unofficial-sanders": 3,
  "17.1-20200125-unofficial-sanders": 4,
  "17.1-20200211-unofficial-sanders": 3,
  "17.1-20200212-unofficial-sanders": 26,
  "17.1-20200301-unofficial-sanders": 1,
  "17.1-20200304-unofficial-sanders": 16,
  "17.1-20200312-unofficial-sanders": 1,
  "17.1-20200313-unofficial-sanders": 2,
  "aosp_sanders-userdebug 9 pq3a.190505.002 eng.root.20190527.033615 test-keys": 3,
  "aosp_sanders-userdebug 9 pq3a.190605.003 eng.root.20190610.170100 test-keys": 11,
  "hydrus_sanders-userdebug 9 pq3a.190801.002 eng.jorge.20190811.214140 test-keys": 1
}