{
  "14.1-20171130_140838-unofficial-sanders": 3,
  "15.1-20180208-unofficial-sanders": 2,
  "15.1-20180422-unofficial-sanders": 11,
  "15.1-20180703-unofficial-sanders": 4,
  "15.1-20180707-unofficial-sanders": 3,
  "15.1-20180913-unofficial-sanders": 78,
  "15.1-20190117-snapshot-noevh-sanders": 1,
  "16.0-20180920-unofficial-sanders": 82,
  "16.0-20181018-unofficial-sanders": 4,
  "16.0-20181114-unofficial-sanders": 3,
  "16.0-20181129-unofficial-sanders": 6,
  "16.0-20181209-unofficial-sanders": 8,
  "16.0-20181221-unofficial-sanders": 1,
  "16.0-20190105-unofficial-sanders": 1,
  "16.0-20190111-unofficial-sanders": 19,
  "16.0-20190227-unofficial-sanders": 39,
  "16.0-20190309-unofficial-sanders": 5,
  "16.0-20190310-unofficial-sanders": 15,
  "16.0-20190411-unofficial-sanders": 98,
  "16.0-20190511-unofficial-sanders": 124,
  "16.0-20190609-unofficial-sanders": 14,
  "16.0-20190704-unofficial-sanders": 33,
  "16.0-20190711-unofficial-sanders": 11,
  "16.0-20190720-unofficial-sanders": 9,
  "16.0-20190728-unofficial-sanders": 59,
  "16.0-20191004-unofficial-sanders": 317,
  "16.0-20200124-unofficial-sanders": 6,
  "16.0-20200211-unofficial-sanders": 15,
  "17.0-20191002-unofficial-sanders": 77,
  "17.0-20191005-unofficial-sanders": 245,
  "17.0-20191125-unofficial-sanders": 1,
  "17.0-20191130-unofficial-sanders": 5,
  "17.0-20191208-unofficial-sanders": 4,
  "17.0-20191215-unofficial-sanders": 1,
  "17.0-20191222-unofficial-sanders": 3,
  "17.0-20191230-unofficial-sanders": 11,
  "17.0-20200106-unofficial-sanders": 1,
  "17.0-20200108-unofficial-sanders": 1,
  "17.1-20200105-unofficial-sanders": 239,
  "17.1-20200110-unofficial-sanders": 128,
  "17.1-20200124-unofficial-sanders": 3,
  "17.1-20200125-unofficial-sanders": 4,
  "17.1-20200211-unofficial-sanders": 2,
  "17.1-20200212-unofficial-sanders": 20,
  "aosp_sanders-userdebug 9 pq3a.190505.002 eng.root.20190527.033615 test-keys": 2,
  "aosp_sanders-userdebug 9 pq3a.190605.003 eng.root.20190610.170100 test-keys": 13,
  "hydrus_sanders-userdebug 10 qp1a.191105.004 4 test-keys": 1,
  "hydrus_sanders-userdebug 10 qp1a.191105.004 5 test-keys": 1,
  "hydrus_sanders-userdebug 10 qp1a.191105.004 6 test-keys": 2,
  "hydrus_sanders-userdebug 10 qp1a.191105.004 7 test-keys": 2,
  "hydrus_sanders-userdebug 9 pq3a.190801.002 eng.jorge.20190811.214140 test-keys": 3
}