{
  "15.1-20181230-unofficial-jasmine_sprout": 1,
  "16.0-20190223-unofficial-jasmine_sprout": 26,
  "16.0-20190427-unofficial-jasmine_sprout": 1,
  "16.0-20190504-unofficial-jasmine_sprout": 1,
  "16.0-20190507-unofficial-jasmine_sprout": 32,
  "16.0-20190705-unofficial-jasmine_sprout": 11,
  "17.0-20190920-unofficial-jasmine_sprout": 11,
  "17.0-20191005-unofficial-jasmine_sprout": 38,
  "17.0-20191015-unofficial-jasmine_sprout": 1,
  "17.0-20191022-unofficial-jasmine_sprout": 15,
  "17.0-20191101-unofficial-jasmine_sprout": 98,
  "17.0-20191129-unofficial-jasmine_sprout": 406,
  "17.1-20200106-unofficial-jasmine_sprout": 212,
  "17.1-20200107-unofficial-jasmine_sprout": 1,
  "17.1-20200110-unofficial-jasmine_sprout": 2,
  "17.1-20200123-unofficial-jasmine_sprout": 67,
  "17.1-20200129-unofficial-jasmine_sprout": 153,
  "17.1-20200208-unofficial-jasmine_sprout": 8,
  "17.1-20200210-unofficial-jasmine_sprout": 34,
  "17.1-20200213-unofficial-jasmine_sprout": 85,
  "17.1-20200222-unofficial-jasmine_sprout": 97,
  "17.1-20200225-unofficial-jasmine_sprout": 1,
  "built.with.erfangsi.tools": 10,
  "lluviaos-10.0-20200222-jasmine_sprout-v4.2": 1,
  "lluviaos-10.0-20200224-jasmine_sprout-v4.2": 2,
  "qq1b.200105.004": 11,
  "qq1d.200205.002": 24,
  "rr_jasmine_sprout-userdebug 10 qp1a.191005.007 eng.gokhan.20191026.233153 test-keys": 7,
  "rr_jasmine_sprout-userdebug 10 qp1a.191005.007 eng.gokhan.20191102.113511 test-keys": 6
}