{
  "14.1-20171130_112832-unofficial-riva": 1285,
  "14.1-20180201-unofficial-riva": 13,
  "14.1-20180307-unofficial-riva": 1,
  "14.1-20180403-unofficial-riva": 58,
  "14.1-20180404-unofficial-riva": 45600,
  "14.1-20180423-unofficial-riva": 15,
  "14.1-20180510-unofficial-riva": 30,
  "14.1-20180513-nightly-riva": 1,
  "14.1-20180515-unofficial-riva": 1191,
  "14.1-20180617-nightly-riva": 1,
  "14.1-20180709-unofficial-riva": 1,
  "14.1-20180818-unofficial-riva": 13,
  "15.1-20180515-unofficial-riva": 183,
  "15.1-20181211-nightly-riva": 4,
  "15.1-20181212-unofficial-riva": 2,
  "15.1-20181216-nightly-riva": 1,
  "15.1-20181216-unofficial-": 42,
  "15.1-20181216-unofficial-riva": 7,
  "15.1-20181219-nightly-riva": 1,
  "15.1-20181223-unofficial-riva": 2,
  "15.1-20181225-unofficial-riva": 2,
  "15.1-20190109-microg-riva": 3,
  "15.1-20190109-microg-santoni": 1,
  "15.1-20190114-unofficial-riva": 2,
  "15.1-20190123-unofficial-riva": 2,
  "15.1-20190124-unofficial-riva": 2,
  "15.1-20190203-unofficial-riva": 85,
  "15.1-20190213-unofficial-riva": 67,
  "15.1-20190216-unofficial-riva": 1,
  "15.1-20190221-unofficial-riva": 64,
  "15.1-20190223-unofficial-riva": 5,
  "15.1-20190306-unofficial-riva": 2,
  "16.0-20181207-unofficial-riva": 1,
  "16.0-20181218-nightly-riva": 1,
  "16.0-20181218-riva": 1,
  "16.0-20181218-unofficial-riva": 206,
  "16.0-20181219-unofficial-riva": 6,
  "16.0-20181223-unofficial-riva": 1,
  "16.0-20181226-unofficial-riva": 3,
  "16.0-20181227-unofficial-riva": 1,
  "16.0-20181229-unofficial-riva": 274,
  "16.0-20190112-unofficial-riva": 298,
  "16.0-20190125-unofficial-riva": 1,
  "16.0-20190212-unofficial-rolex": 2,
  "16.0-20190216-unofficial-riva": 1,
  "16.0-20190218-unofficial-riva": 109,
  "16.0-20190301-unofficial-riva": 1,
  "16.0-20190302-unofficial-riva": 80,
  "16.0-20190303-unofficial-riva": 5,
  "aokp_rolex-userdebug 9 pq1a.181105.017.a1 084a9408c4 test-keys": 30,
  "njh47f-rr-n-v5.8.5-riva": 1,
  "xenonhd_riva-userdebug 8.1.0 opm2.171019.029.b1 5704db98ec test-keys": 1,
  "xenonhd_riva-userdebug 9 ppr2.181005.003 38be240aec test-keys": 67,
  "xenonhd_riva-userdebug 9 pq1a.190105.004 eng.root.20190201.153433 test-keys": 23
}