{
  "14.1-20171130_112832-unofficial-riva": 1898,
  "14.1-20180201-unofficial-riva": 18,
  "14.1-20180307-unofficial-riva": 1,
  "14.1-20180403-unofficial-riva": 29,
  "14.1-20180404-unofficial-riva": 37456,
  "14.1-20180423-unofficial-riva": 10,
  "14.1-20180510-unofficial-riva": 40,
  "14.1-20180515-unofficial-riva": 1032,
  "14.1-20180617-nightly-riva": 1,
  "14.1-20180709-unofficial-riva": 3,
  "14.1-20180818-unofficial-riva": 10,
  "14.1-20190327-unofficial-riva": 18680,
  "14.1-20190513-unofficial-riva": 1,
  "15.1-20180515-unofficial-riva": 123,
  "15.1-20181216-unofficial-": 42,
  "15.1-20190203-unofficial-riva": 41,
  "15.1-20190213-unofficial-riva": 15,
  "15.1-20190221-unofficial-riva": 32,
  "15.1-20190306-unofficial-riva": 2,
  "15.1-20190307-unofficial-riva": 9,
  "15.1-20190308-unofficial-riva": 7,
  "15.1-20190309-unofficial-riva": 4,
  "15.1-20190310-unofficial-riva": 179,
  "15.1-20190311-unofficial-riva": 1,
  "15.1-20190312-unofficial-riva": 1,
  "15.1-20190313-unofficial-riva": 3,
  "15.1-20190326-unofficial-riva": 1,
  "15.1-20190409-unofficial-riva": 119,
  "15.1-20190429-unofficial-riva": 1,
  "15.1-20190526-unofficial-riva": 56,
  "16.0-20181218-unofficial-riva": 3,
  "16.0-20181229-unofficial-riva": 8,
  "16.0-20190112-unofficial-riva": 54,
  "16.0-20190218-unofficial-riva": 8,
  "16.0-20190302-unofficial-riva": 114,
  "16.0-20190303-unofficial-riva": 1,
  "16.0-20190321-unofficial-riva": 183,
  "16.0-20190408-unofficial-riva": 55,
  "16.0-20190411-unofficial-riva": 1,
  "16.0-20190412-unofficial-riva": 1,
  "16.0-20190414-unofficial-riva": 1,
  "16.0-20190415-unofficial-riva": 2,
  "16.0-20190417-unofficial-riva": 101,
  "16.0-20190425-unofficial-riva": 3,
  "16.0-20190505-unofficial-riva": 41,
  "16.0-20190509-unofficial-riva": 1,
  "16.0-20190510-unofficial-riva": 1,
  "16.0-20190512-unofficial-riva": 96,
  "16.0-20190514-unofficial-riva": 3,
  "16.0-20190521-unofficial-riva": 17,
  "16.0-20190603-unofficial-riva": 1,
  "16.0-20190605-unofficial-riva": 1,
  "aokp_riva-userdebug 9 pq2a.190305.017.a1 ee3eb4dffc test-keys": 2,
  "aokp_riva-userdebug 9 pq2a.190405.003 3cbcd3bce6 test-keys": 1,
  "aosp_riva-userdebug 8.1.0 opm8.190205.001 0f6ab4e193 test-keys": 1,
  "darkphoenix-16.0-20190504": 1,
  "njh47f-rr-n-v5.8.5-riva": 1,
  "sm_riva-userdebug 8.1.0 opm2.171019.029.b1 ea17d2034f test-keys": 3,
  "xenonhd_riva-userdebug 8.1.0 opm2.171019.029.b1 5704db98ec test-keys": 4,
  "xenonhd_riva-userdebug 9 ppr2.181005.003 38be240aec test-keys": 44,
  "xenonhd_riva-userdebug 9 ppr2.181005.003 6feb042b7e test-keys": 2,
  "xenonhd_riva-userdebug 9 pq1a.190105.004 eng.root.20190201.153433 test-keys": 1
}