{
  "14.1-20171130_112832-unofficial-riva": 2159,
  "14.1-20180201-unofficial-riva": 14,
  "14.1-20180307-unofficial-riva": 1,
  "14.1-20180403-unofficial-riva": 14,
  "14.1-20180404-unofficial-riva": 13609,
  "14.1-20180423-unofficial-riva": 10,
  "14.1-20180510-unofficial-riva": 32,
  "14.1-20180515-unofficial-riva": 1131,
  "14.1-20180617-nightly-riva": 1,
  "14.1-20180709-unofficial-riva": 4,
  "14.1-20180818-unofficial-riva": 10,
  "14.1-20190327-unofficial-riva": 36063,
  "14.1-20190513-unofficial-riva": 1,
  "15.1-20180515-unofficial-riva": 73,
  "15.1-20180629-unofficial-riva": 1,
  "15.1-20181216-unofficial-": 23,
  "15.1-20190203-unofficial-riva": 35,
  "15.1-20190213-unofficial-riva": 11,
  "15.1-20190221-unofficial-riva": 6,
  "15.1-20190310-unofficial-riva": 24,
  "15.1-20190409-unofficial-riva": 100,
  "15.1-20190429-unofficial-riva": 1,
  "15.1-20190526-unofficial-riva": 102,
  "15.1-20190614-unofficial-riva": 1,
  "15.1-20190622-unofficial-riva": 1,
  "16.0-20181218-unofficial-riva": 1,
  "16.0-20181229-unofficial-riva": 8,
  "16.0-20190112-unofficial-riva": 46,
  "16.0-20190218-unofficial-riva": 2,
  "16.0-20190302-unofficial-riva": 32,
  "16.0-20190321-unofficial-riva": 23,
  "16.0-20190408-unofficial-riva": 8,
  "16.0-20190415-unofficial-riva": 1,
  "16.0-20190417-unofficial-riva": 91,
  "16.0-20190425-unofficial-riva": 2,
  "16.0-20190505-unofficial-riva": 98,
  "16.0-20190509-unofficial-riva": 2,
  "16.0-20190510-unofficial-riva": 1,
  "16.0-20190512-unofficial-riva": 104,
  "16.0-20190514-unofficial-riva": 3,
  "16.0-20190521-unofficial-riva": 23,
  "16.0-20190603-unofficial-riva": 1,
  "16.0-20190605-unofficial-riva": 2,
  "16.0-20190606-unofficial-riva": 1,
  "16.0-20190609-unofficial-riva": 114,
  "16.0-20190620-unofficial-riva": 3,
  "16.0-20190621-unofficial-riva": 93,
  "16.0-20190622-unofficial-riva": 1,
  "16.0-20190709-unofficial-riva": 93,
  "aokp_riva-userdebug 9 pq2a.190405.003 3cbcd3bce6 test-keys": 1,
  "darkphoenix-16.0-20190504": 1,
  "njh47f-rr-n-v5.8.5-riva": 1,
  "sm_riva-userdebug 8.1.0 opm2.171019.029.b1 ea17d2034f test-keys": 3,
  "xenonhd_riva-userdebug 8.1.0 opm2.171019.029.b1 5704db98ec test-keys": 3,
  "xenonhd_riva-userdebug 9 ppr2.181005.003 38be240aec test-keys": 52,
  "xenonhd_riva-userdebug 9 ppr2.181005.003 6feb042b7e test-keys": 2,
  "xenonhd_riva-userdebug 9 pq1a.190105.004 eng.root.20190201.153433 test-keys": 1
}