{
  "14.1-20191209-unofficial-libra": 2,
  "14.1-20191229-unofficial-libra": 6,
  "16.0-20190824-unofficial-davinci": 20,
  "16.0-20190921-unofficial-davinci": 116,
  "16.0-20190929-unofficial-davinci": 1,
  "16.0-20191021-unofficial-davinci": 3,
  "16.0-20191110-unofficial-davinci": 1,
  "16.0-20191217-unofficial-davinci": 1,
  "17.0-20191208-unofficial-pig-davinci": 1,
  "17.0-20191222-unofficial-pig-davinci": 3,
  "17.0-20191223-unofficial-pig-davinci": 8,
  "17.0-20191229-unofficial-pig-davinci": 4,
  "17.0-20191230-unofficial-pig-davinci": 5,
  "17.0-20191231-unofficial-pig-davinci": 86,
  "17.0-20191231-unofficial-pig-gapps-davinci": 263,
  "17.0-20200101-unofficial-pig-davinci": 204,
  "17.1-20200119-unofficial-pig-gapps-davinci": 1,
  "17.1-20200130-unofficial-pig-gapps-davinci": 1,
  "17.1-20200202-unofficial-pig-davinci": 572,
  "17.1-20200208-unofficial-davinci": 7,
  "17.1-20200211-unofficial-davinci": 1,
  "17.1-20200211-unofficial-pig-gapps-davinci": 24,
  "17.1-20200212-unofficial-davinci": 5,
  "17.1-20200212-unofficial-pig-gapps-davinci": 19,
  "17.1-20200218-unofficial-pig-gapps-davinci": 1,
  "17.1-20200226-unofficial-pig-gapps-davinci": 1,
  "17.1-20200227-unofficial-pig-gapps-davinci": 2,
  "17.1-20200306-unofficial-davinci": 1,
  "17.1-20200307-unofficial-davinci": 6,
  "17.1-20200310-unofficial-pig-davinci": 176,
  "17.1-20200313-unofficial-davinci": 3,
  "17.1-20200324-unofficial-pig-gapps-davinci": 1,
  "17.1-20200327-unofficial-pig-davinci": 1,
  "davinci-user 7.1.2pkq1.190302.001 g63qi5840w release-keys": 1,
  "davinci-user 7.1.2pkq1.190302.001 p5wm5eo5te release-keys": 1,
  "lineage_capricorn-userdebug 7.1.2 njh47f e3b3ad4648 test-keys": 2,
  "pkq1.190302.001": 1
}