{
  "15.1-20201027-unofficial-oneplus3": 1,
  "16.0": 77,
  "16.0-20200525-unofficial-hammerhead": 15,
  "17.1-20200113-unofficial-pyxis": 2,
  "17.1-20200120-unofficial-pyxis": 1,
  "17.1-20200226-unofficial-pyxis": 1,
  "17.1-20200310-unofficial-pyxis": 5,
  "17.1-20200322-unofficial-pyxis": 122,
  "17.1-20200715-unofficial-tissot": 2984,
  "17.1-20200821-unofficial-z3": 1025,
  "17.1-20201009-unofficial-pyxis": 1,
  "17.1-20201026-unofficial-pyxis": 1,
  "17.1-20201106-unofficial-pyxis": 1,
  "17.1-20201111-unofficial-pyxis": 1,
  "17.1-20201119-unofficial-pyxis": 2,
  "17.1-20201120-unofficial-pyxis": 7,
  "17.1-20201121-unofficial-pyxis": 5,
  "17.1-20201122-unofficial-pyxis": 1,
  "17.1-20201123-unofficial-pyxis": 7,
  "17.1-20201124-unofficial-pyxis": 2,
  "17.1-20201126-unofficial-pyxis": 2,
  "17.1-20201127-unofficial-pyxis": 1,
  "17.1-20201128-unofficial-pyxis": 1,
  "17.1-20201129-unofficial-pyxis": 10,
  "17.1-20201201-unofficial-pyxis": 4,
  "17.1-20201202-unofficial-pyxis": 5,
  "17.1-20201203-unofficial-pyxis": 4,
  "17.1-20201204-unofficial-pyxis": 19,
  "17.1-20201209-unofficial-pyxis": 1,
  "17.1-20201215-unofficial-pyxis": 4,
  "17.1-20201216-unofficial-pyxis": 9,
  "17.1-20201219-unofficial-pyxis": 4,
  "lineage_oneplus3-userdebug 7.1.2 njh47f 70f7b89444 test-keys": 1,
  "mi 9 lite": 44,
  "oppo6763_17031-user 7.1.2n6f26q 9463r4v3cg release-keys": 1,
  "pyxis-user 7.1.2pkq1.181121.001 0720i1w8ya release-keys": 1,
  "pyxis-user 7.1.2pkq1.181121.001 078x9a97za release-keys": 1,
  "pyxis-user 7.1.2pkq1.181121.001 087fbd4lno release-keys": 1,
  "pyxis-user 7.1.2pkq1.181121.001 0o2506fhvw release-keys": 1,
  "pyxis-user 7.1.2pkq1.181121.001 109e7i1t2g release-keys": 1,
  "pyxis-user 7.1.2pkq1.181121.001 12c0af3sa2 release-keys": 1,
  "pyxis-user 7.1.2pkq1.181121.001 16785lnnqi release-keys": 1,
  "pyxis-user 7.1.2pkq1.181121.001 17j1stot1d release-keys": 1,
  "pyxis-user 7.1.2pkq1.181121.001 17z368o5vv release-keys": 1,
  "pyxis-user 7.1.2pkq1.181121.001 1kp17s154e release-keys": 1,
  "pyxis-user 7.1.2pkq1.181121.001 1m89j3741w release-keys": 1,
  "pyxis-user 7.1.2pkq1.181121.001 263c3n3d48 release-keys": 1,
  "pyxis-user 7.1.2pkq1.181121.001 27t965785a release-keys": 1,
  "pyxis-user 7.1.2pkq1.181121.001 2s4ti91o8t release-keys": 1,
  "pyxis-user 7.1.2pkq1.181121.001 3495ikhpd6 release-keys": 1,
  "pyxis-user 7.1.2pkq1.181121.001 3nr33r41y3 release-keys": 1,
  "pyxis-user 7.1.2pkq1.181121.001 3uz56sskn8 release-keys": 1,
  "pyxis-user 7.1.2pkq1.181121.001 3zt8vy487q release-keys": 1,
  "pyxis-user 7.1.2pkq1.181121.001 422hl5qkmi release-keys": 1,
  "pyxis-user 7.1.2pkq1.181121.001 44qu86g2qf release-keys": 1,
  "pyxis-user 7.1.2pkq1.181121.001 4d70p7pq6a release-keys": 1,
  "pyxis-user 7.1.2pkq1.181121.001 4njjnp3z2r release-keys": 1,
  "pyxis-user 7.1.2pkq1.181121.001 4u8meav540 release-keys": 1,
  "pyxis-user 7.1.2pkq1.181121.001 548ee8lbm3 release-keys": 1,
  "pyxis-user 7.1.2pkq1.181121.001 55d3l014p0 release-keys": 1,
  "pyxis-user 7.1.2pkq1.181121.001 5fnfp37ufr release-keys": 1,
  "pyxis-user 7.1.2pkq1.181121.001 5l8c8ja422 release-keys": 1,
  "pyxis-user 7.1.2pkq1.181121.001 5q37o4y47u release-keys": 1,
  "pyxis-user 7.1.2pkq1.181121.001 5t3799vncn release-keys": 1,
  "pyxis-user 7.1.2pkq1.181121.001 5tz494kxil release-keys": 1,
  "pyxis-user 7.1.2pkq1.181121.001 5zkivyq9rg release-keys": 1,
  "pyxis-user 7.1.2pkq1.181121.001 62w6079259 release-keys": 1,
  "pyxis-user 7.1.2pkq1.181121.001 6ds4wqoc7m release-keys": 1,
  "pyxis-user 7.1.2pkq1.181121.001 6e4a0t0uf1 release-keys": 1,
  "pyxis-user 7.1.2pkq1.181121.001 6je6771090 release-keys": 1,
  "pyxis-user 7.1.2pkq1.181121.001 6t110z8755 release-keys": 1,
  "pyxis-user 7.1.2pkq1.181121.001 73ucfhd84u release-keys": 1,
  "pyxis-user 7.1.2pkq1.181121.001 7980h7vs6p release-keys": 1,
  "pyxis-user 7.1.2pkq1.181121.001 7j233u32i1 release-keys": 1,
  "pyxis-user 7.1.2pkq1.181121.001 7xc08sos2b release-keys": 1,
  "pyxis-user 7.1.2pkq1.181121.001 840mkr1h6d release-keys": 1,
  "pyxis-user 7.1.2pkq1.181121.001 845j6bg003 release-keys": 1,
  "pyxis-user 7.1.2pkq1.181121.001 858jb5fdh0 release-keys": 1,
  "pyxis-user 7.1.2pkq1.181121.001 8fhw22qfeo release-keys": 1,
  "pyxis-user 7.1.2pkq1.181121.001 8oun1d9774 release-keys": 1,
  "pyxis-user 7.1.2pkq1.181121.001 8thi7b2lm9 release-keys": 1,
  "pyxis-user 7.1.2pkq1.181121.001 91i69b380k release-keys": 1,
  "pyxis-user 7.1.2pkq1.181121.001 97044ym549 release-keys": 1,
  "pyxis-user 7.1.2pkq1.181121.001 a2g5yy4k58 release-keys": 1,
  "pyxis-user 7.1.2pkq1.181121.001 a6n0d9vr6n release-keys": 1,
  "pyxis-user 7.1.2pkq1.181121.001 a89bxb8515 release-keys": 1,
  "pyxis-user 7.1.2pkq1.181121.001 awi6ik71j2 release-keys": 1,
  "pyxis-user 7.1.2pkq1.181121.001 b1w438qwo5 release-keys": 1,
  "pyxis-user 7.1.2pkq1.181121.001 b3u917cp8o release-keys": 1,
  "pyxis-user 7.1.2pkq1.181121.001 b4h8p41178 release-keys": 1,
  "pyxis-user 7.1.2pkq1.181121.001 cz6z9fgt05 release-keys": 1,
  "pyxis-user 7.1.2pkq1.181121.001 d3mh2e43y7 release-keys": 1,
  "pyxis-user 7.1.2pkq1.181121.001 e4087y02du release-keys": 1,
  "pyxis-user 7.1.2pkq1.181121.001 elu29d99k7 release-keys": 1,
  "pyxis-user 7.1.2pkq1.181121.001 f796t9dtb3 release-keys": 1,
  "pyxis-user 7.1.2pkq1.181121.001 fep0jsqpee release-keys": 1,
  "pyxis-user 7.1.2pkq1.181121.001 fi7x4b0uk7 release-keys": 1,
  "pyxis-user 7.1.2pkq1.181121.001 g6pf51ecou release-keys": 1,
  "pyxis-user 7.1.2pkq1.181121.001 h135n7lgco release-keys": 1,
  "pyxis-user 7.1.2pkq1.181121.001 hhi7x5ro58 release-keys": 1,
  "pyxis-user 7.1.2pkq1.181121.001 hlq084loq7 release-keys": 1,
  "pyxis-user 7.1.2pkq1.181121.001 hxh6116zv7 release-keys": 1,
  "pyxis-user 7.1.2pkq1.181121.001 ierfn73466 release-keys": 1,
  "pyxis-user 7.1.2pkq1.181121.001 k5fwh8l199 release-keys": 1,
  "pyxis-user 7.1.2pkq1.181121.001 k9z4e90sgw release-keys": 1,
  "pyxis-user 7.1.2pkq1.181121.001 kd37t1cj43 release-keys": 1,
  "pyxis-user 7.1.2pkq1.181121.001 kn3pk76p2u release-keys": 1,
  "pyxis-user 7.1.2pkq1.181121.001 kym84kf9zk release-keys": 1,
  "pyxis-user 7.1.2pkq1.181121.001 l9938lgon5 release-keys": 1,
  "pyxis-user 7.1.2pkq1.181121.001 lz5jh46a63 release-keys": 1,
  "pyxis-user 7.1.2pkq1.181121.001 m0jg1874cr release-keys": 1,
  "pyxis-user 7.1.2pkq1.181121.001 mkoz59pw0n release-keys": 1,
  "pyxis-user 7.1.2pkq1.181121.001 mr7708xj10 release-keys": 1,
  "pyxis-user 7.1.2pkq1.181121.001 munz0tzz54 release-keys": 1,
  "pyxis-user 7.1.2pkq1.181121.001 n27857737g release-keys": 1,
  "pyxis-user 7.1.2pkq1.181121.001 ngf3596835 release-keys": 1,
  "pyxis-user 7.1.2pkq1.181121.001 nubx2gu6iy release-keys": 1,
  "pyxis-user 7.1.2pkq1.181121.001 nx830q218b release-keys": 1,
  "pyxis-user 7.1.2pkq1.181121.001 o3kyo486s8 release-keys": 1,
  "pyxis-user 7.1.2pkq1.181121.001 o6m3165ii6 release-keys": 1,
  "pyxis-user 7.1.2pkq1.181121.001 r39e50k928 release-keys": 1,
  "pyxis-user 7.1.2pkq1.181121.001 r973ph1tn4 release-keys": 1,
  "pyxis-user 7.1.2pkq1.181121.001 ra8adyav0e release-keys": 1,
  "pyxis-user 7.1.2pkq1.181121.001 rszcj41v1d release-keys": 1,
  "pyxis-user 7.1.2pkq1.181121.001 rv1z66i20m release-keys": 1,
  "pyxis-user 7.1.2pkq1.181121.001 s1s00026es release-keys": 1,
  "pyxis-user 7.1.2pkq1.181121.001 sz6k15u5bs release-keys": 1,
  "pyxis-user 7.1.2pkq1.181121.001 tjp4s8t353 release-keys": 1,
  "pyxis-user 7.1.2pkq1.181121.001 to78rl0815 release-keys": 1,
  "pyxis-user 7.1.2pkq1.181121.001 tz596noo93 release-keys": 1,
  "pyxis-user 7.1.2pkq1.181121.001 u2fwur77mi release-keys": 1,
  "pyxis-user 7.1.2pkq1.181121.001 u4g6hy8u8e release-keys": 1,
  "pyxis-user 7.1.2pkq1.181121.001 uqc7i7x106 release-keys": 1,
  "pyxis-user 7.1.2pkq1.181121.001 vt72yu7x3p release-keys": 2,
  "pyxis-user 7.1.2pkq1.181121.001 w17rg9i49g release-keys": 1,
  "pyxis-user 7.1.2pkq1.181121.001 xs1m97pl61 release-keys": 1,
  "pyxis-user 7.1.2pkq1.181121.001 y8fl3fpu3a release-keys": 1,
  "pyxis-user 7.1.2pkq1.181121.001 zpygrc0xa7 release-keys": 1,