{
  "14.1-20191209-unofficial-libra": 11,
  "14.1-20191229-unofficial-libra": 1,
  "16.0": 664,
  "17.0-20200108-unofficial-pyxis": 3,
  "17.1-20200108-unofficial-pyxis": 167,
  "17.1-20200109-unofficial-pyxis": 1,
  "17.1-20200110-unofficial-pyxis": 1,
  "17.1-20200111-unofficial-pyxis": 1,
  "17.1-20200112-unofficial-pyxis": 4,
  "17.1-20200113-unofficial-pyxis": 244,
  "17.1-20200115-unofficial-pyxis": 78,
  "17.1-20200116-unofficial-pyxis": 70,
  "17.1-20200119-unofficial-pyxis": 90,
  "17.1-20200120-unofficial-pyxis": 392,
  "17.1-20200121-unofficial-pyxis": 2,
  "17.1-20200129-unofficial-pyxis": 54,
  "17.1-20200130-unofficial-pyxis": 1,
  "17.1-20200208-unofficial-pyxis": 2,
  "17.1-20200210-unofficial-pyxis": 7,
  "17.1-20200212-unofficial-pyxis": 55,
  "17.1-20200213-unofficial-pyxis": 66,
  "17.1-20200218-unofficial-pyxis": 1,
  "17.1-20200220-unofficial-pyxis": 38,
  "17.1-20200222-unofficial-pyxis": 1,
  "17.1-20200223-unofficial-pyxis": 37,
  "17.1-20200224-unofficial-pyxis": 27,
  "pkq1.181121.001": 1,
  "pyxis-user 7.1.2pkq1.181121.001 poom86ok35 release-keys": 1
}