{
  "16.0": 24,
  "16.0-20200525-unofficial-hammerhead": 9,
  "17.1-20200113-unofficial-pyxis": 2,
  "17.1-20200120-unofficial-pyxis": 1,
  "17.1-20200226-unofficial-pyxis": 1,
  "17.1-20200310-unofficial-pyxis": 5,
  "17.1-20200322-unofficial-pyxis": 60,
  "17.1-20200821-unofficial-z3": 775,
  "17.1-20201009-unofficial-pyxis": 1,
  "17.1-20201023-unofficial-pyxis": 1,
  "lineage_oneplus3-userdebug 7.1.2 njh47f 70f7b89444 test-keys": 1,
  "mi 9 lite": 15,
  "oppo6763_17031-user 7.1.2n6f26q 9463r4v3cg release-keys": 1,
  "pyxis-user 7.1.2pkq1.181121.001 078x9a97za release-keys": 1,
  "pyxis-user 7.1.2pkq1.181121.001 087fbd4lno release-keys": 1,
  "pyxis-user 7.1.2pkq1.181121.001 109e7i1t2g release-keys": 1,
  "pyxis-user 7.1.2pkq1.181121.001 12c0af3sa2 release-keys": 1,
  "pyxis-user 7.1.2pkq1.181121.001 16785lnnqi release-keys": 1,
  "pyxis-user 7.1.2pkq1.181121.001 17z368o5vv release-keys": 1,
  "pyxis-user 7.1.2pkq1.181121.001 1kp17s154e release-keys": 1,
  "pyxis-user 7.1.2pkq1.181121.001 1m89j3741w release-keys": 1,
  "pyxis-user 7.1.2pkq1.181121.001 263c3n3d48 release-keys": 1,
  "pyxis-user 7.1.2pkq1.181121.001 2s4ti91o8t release-keys": 1,
  "pyxis-user 7.1.2pkq1.181121.001 3495ikhpd6 release-keys": 1,
  "pyxis-user 7.1.2pkq1.181121.001 3uz56sskn8 release-keys": 1,
  "pyxis-user 7.1.2pkq1.181121.001 3zt8vy487q release-keys": 1,
  "pyxis-user 7.1.2pkq1.181121.001 422hl5qkmi release-keys": 1,
  "pyxis-user 7.1.2pkq1.181121.001 4d70p7pq6a release-keys": 1,
  "pyxis-user 7.1.2pkq1.181121.001 4u8meav540 release-keys": 1,
  "pyxis-user 7.1.2pkq1.181121.001 548ee8lbm3 release-keys": 1,
  "pyxis-user 7.1.2pkq1.181121.001 55d3l014p0 release-keys": 1,
  "pyxis-user 7.1.2pkq1.181121.001 5l8c8ja422 release-keys": 1,
  "pyxis-user 7.1.2pkq1.181121.001 5q37o4y47u release-keys": 1,
  "pyxis-user 7.1.2pkq1.181121.001 62w6079259 release-keys": 1,
  "pyxis-user 7.1.2pkq1.181121.001 6ds4wqoc7m release-keys": 1,
  "pyxis-user 7.1.2pkq1.181121.001 6je6771090 release-keys": 1,
  "pyxis-user 7.1.2pkq1.181121.001 6t110z8755 release-keys": 1,
  "pyxis-user 7.1.2pkq1.181121.001 7j233u32i1 release-keys": 1,
  "pyxis-user 7.1.2pkq1.181121.001 858jb5fdh0 release-keys": 1,
  "pyxis-user 7.1.2pkq1.181121.001 8fhw22qfeo release-keys": 1,
  "pyxis-user 7.1.2pkq1.181121.001 8thi7b2lm9 release-keys": 1,
  "pyxis-user 7.1.2pkq1.181121.001 91i69b380k release-keys": 1,
  "pyxis-user 7.1.2pkq1.181121.001 97044ym549 release-keys": 1,
  "pyxis-user 7.1.2pkq1.181121.001 a2g5yy4k58 release-keys": 1,
  "pyxis-user 7.1.2pkq1.181121.001 awi6ik71j2 release-keys": 1,
  "pyxis-user 7.1.2pkq1.181121.001 b1w438qwo5 release-keys": 1,
  "pyxis-user 7.1.2pkq1.181121.001 b3u917cp8o release-keys": 1,
  "pyxis-user 7.1.2pkq1.181121.001 b4h8p41178 release-keys": 1,
  "pyxis-user 7.1.2pkq1.181121.001 cz6z9fgt05 release-keys": 1,
  "pyxis-user 7.1.2pkq1.181121.001 d3mh2e43y7 release-keys": 1,
  "pyxis-user 7.1.2pkq1.181121.001 e4087y02du release-keys": 1,
  "pyxis-user 7.1.2pkq1.181121.001 elu29d99k7 release-keys": 1,
  "pyxis-user 7.1.2pkq1.181121.001 f796t9dtb3 release-keys": 1,
  "pyxis-user 7.1.2pkq1.181121.001 fep0jsqpee release-keys": 1,
  "pyxis-user 7.1.2pkq1.181121.001 fi7x4b0uk7 release-keys": 1,
  "pyxis-user 7.1.2pkq1.181121.001 g6pf51ecou release-keys": 1,
  "pyxis-user 7.1.2pkq1.181121.001 h135n7lgco release-keys": 1,
  "pyxis-user 7.1.2pkq1.181121.001 hhi7x5ro58 release-keys": 1,
  "pyxis-user 7.1.2pkq1.181121.001 hlq084loq7 release-keys": 1,
  "pyxis-user 7.1.2pkq1.181121.001 ierfn73466 release-keys": 1,
  "pyxis-user 7.1.2pkq1.181121.001 kym84kf9zk release-keys": 1,
  "pyxis-user 7.1.2pkq1.181121.001 mkoz59pw0n release-keys": 1,
  "pyxis-user 7.1.2pkq1.181121.001 mr7708xj10 release-keys": 1,
  "pyxis-user 7.1.2pkq1.181121.001 ngf3596835 release-keys": 1,
  "pyxis-user 7.1.2pkq1.181121.001 nubx2gu6iy release-keys": 1,
  "pyxis-user 7.1.2pkq1.181121.001 nx830q218b release-keys": 1,
  "pyxis-user 7.1.2pkq1.181121.001 o6m3165ii6 release-keys": 1,
  "pyxis-user 7.1.2pkq1.181121.001 r39e50k928 release-keys": 1,
  "pyxis-user 7.1.2pkq1.181121.001 r973ph1tn4 release-keys": 1,
  "pyxis-user 7.1.2pkq1.181121.001 ra8adyav0e release-keys": 1,
  "pyxis-user 7.1.2pkq1.181121.001 rszcj41v1d release-keys": 1,
  "pyxis-user 7.1.2pkq1.181121.001 sz6k15u5bs release-keys": 1,
  "pyxis-user 7.1.2pkq1.181121.001 tjp4s8t353 release-keys": 1,
  "pyxis-user 7.1.2pkq1.181121.001 to78rl0815 release-keys": 1,
  "pyxis-user 7.1.2pkq1.181121.001 uqc7i7x106 release-keys": 1,
  "pyxis-user 7.1.2pkq1.181121.001 vt72yu7x3p release-keys": 2,
  "pyxis-user 7.1.2pkq1.181121.001 w17rg9i49g release-keys": 1,
  "pyxis-user 7.1.2pkq1.181121.001 xs1m97pl61 release-keys": 1,
  "pyxis-user 7.1.2pkq1.181121.001 zpygrc0xa7 release-keys": 1,
  "pyxis-user 8.1.0 o8eae9 af2b48f8db release-keys": 1,
  "rr_pyxis-userdebug 10 qq3a.200805.001 eng.ubuntu.20200818.042651 test-keys": 2,
  "rr_pyxis-userdebug 10 qq3a.200805.001 eng.ubuntu.20200819.172556 test-keys": 1,
  "rr_pyxis-userdebug 10 qq3a.200905.001 eng.darkan.20200912.185619 release-keys": 20,
  "rr_pyxis-userdebug 10 qq3a.200905.001 eng.ubuntu.20200922.201349 release-keys": 9,
  "rr_pyxis-userdebug 10 qq3a.200905.001 eng.ubuntu.20200924.152513 release-keys": 71,
  "rr_pyxis-userdebug 10 qq3a.200905.001 eng.ubuntu.20201018.215925 release-keys": 1,
  "sagit-user 7.1.2opr1.170623.027 j184ry7awu release-keys": 1
}