{
  "14.1-20191209-unofficial-libra": 1,
  "14.1-20191229-unofficial-libra": 1,
  "16.0": 509,
  "17.0-20200108-unofficial-pyxis": 3,
  "17.1-20200108-unofficial-pyxis": 170,
  "17.1-20200109-unofficial-pyxis": 1,
  "17.1-20200110-unofficial-pyxis": 1,
  "17.1-20200111-unofficial-pyxis": 1,
  "17.1-20200112-unofficial-pyxis": 4,
  "17.1-20200113-unofficial-pyxis": 302,
  "17.1-20200115-unofficial-pyxis": 77,
  "17.1-20200116-unofficial-pyxis": 72,
  "17.1-20200119-unofficial-pyxis": 93,
  "17.1-20200120-unofficial-pyxis": 398,
  "17.1-20200121-unofficial-pyxis": 2,
  "17.1-20200129-unofficial-pyxis": 54,
  "17.1-20200130-unofficial-pyxis": 1,
  "17.1-20200208-unofficial-pyxis": 2,
  "17.1-20200210-unofficial-pyxis": 7,
  "17.1-20200212-unofficial-pyxis": 53,
  "17.1-20200213-unofficial-pyxis": 63,
  "17.1-20200218-unofficial-pyxis": 1,
  "17.1-20200220-unofficial-pyxis": 38,
  "17.1-20200222-unofficial-pyxis": 1,
  "17.1-20200223-unofficial-pyxis": 36,
  "17.1-20200224-unofficial-pyxis": 35,
  "17.1-20200226-unofficial-pyxis": 106,
  "17.1-20200310-unofficial-pyxis": 84,
  "17.1-20200322-unofficial-pyxis": 11,
  "davinci-user 7.1.2pkq1.190302.001 70zt62z39f release-keys": 1,
  "lineage_libra-userdebug 7.1.2 njh47f 0ec15bdf80 test-keys": 1,
  "lineage_oneplus3-userdebug 7.1.2 njh47f de67aef410 test-keys": 1,
  "natrium-user 7.1.2opr1.170623.032 n63y19ep3z release-keys": 1,
  "pyxis-user 7.1.2pkq1.181121.001 2a2pw88xg0 release-keys": 1,
  "pyxis-user 7.1.2pkq1.181121.001 6dy086r95k release-keys": 1,
  "pyxis-user 7.1.2pkq1.181121.001 6x5x595q73 release-keys": 1,
  "pyxis-user 7.1.2pkq1.181121.001 g2295v0t8m release-keys": 1,
  "pyxis-user 7.1.2pkq1.181121.001 hdn6hi4028 release-keys": 1,
  "pyxis-user 7.1.2pkq1.181121.001 pn2zblce2z release-keys": 1,
  "pyxis-user 7.1.2pkq1.181121.001 poom86ok35 release-keys": 1
}