{
  "17.0-20191203-unofficial-laurel_sprout": 51,
  "17.0-20191230-unofficial-laurel_sprout": 1,
  "17.1-20200328-unofficial-laurel_sprout": 14,
  "17.1-20200715-unofficial-tissot": 2001,
  "17.1-20200728-unofficial-laurel_sprout": 1,
  "17.1-20200814-unofficial-laurel_sprout": 1,
  "17.1-20200821-unofficial-z3": 1244,
  "17.1-20200908-unofficial-laurel_sprout": 16,
  "17.1-20200917-unofficial-laurel_sprout": 1,
  "17.1-20200921-unofficial-laurel_sprout": 13,
  "17.1-20200928-unofficial-laurel_sprout": 5,
  "17.1-20200930-unofficial-laurel_sprout": 1,
  "17.1-20201007-unofficial-laurel_sprout": 1,
  "17.1-20201008-unofficial-laurel_sprout": 9,
  "17.1-20201113-unofficial-laurel_sprout": 1,
  "17.1-20201116-unofficial-laurel_sprout": 11,
  "17.1-20201120-unofficial-laurel_sprout": 24,
  "17.1-20201205-unofficial-laurel_sprout": 1,
  "17.1-20201218-unofficial-laurel_sprout": 1,
  "17.1-20201224-unofficial-laurel_sprout": 15,
  "17.1-20201230-unofficial-laurel_sprout": 16,
  "18.0-20201007-unofficial-laurel_sprout": 2,
  "18.0-20201008-unofficial-laurel_sprout": 12,
  "18.0-20201009-unofficial-laurel_sprout": 5,
  "18.0-20201010-unofficial-laurel_sprout": 1787,
  "18.0-20201015-unofficial-laurel_sprout": 4,
  "18.0-20201016-unofficial-laurel_sprout": 413,
  "18.0-20201021-unofficial-laurel_sprout": 1,
  "18.0-20201121-unofficial-laurel_sprout": 7,
  "18.0-20201122-unofficial-laurel_sprout": 143,
  "3.r": 1,
  "5.1-official-20200315-laurel_sprout": 1,
  "mi a3": 56,
  "rr_laurel_sprout-userdebug 10 qq3a.200905.001 eng.pachec.20201010.180254 test-keys": 26,
  "rr_laurel_sprout-userdebug 10 qq3a.200905.001 eng.pachec.20201012.024821 test-keys": 44,
  "rr_laurel_sprout-userdebug 10 qq3a.200905.001 eng.pachec.20201013.211331 test-keys": 2,
  "rr_laurel_sprout-userdebug 10 qq3a.200905.001 eng.pachec.20201014.001700 test-keys": 66,
  "rr_laurel_sprout-userdebug 10 qq3a.200905.001 eng.pachec.20201018.105554 test-keys": 151,
  "rr_laurel_sprout-userdebug 10 qq3a.200905.001 eng.pachec.20201020.165307 test-keys": 2,
  "rr_laurel_sprout-userdebug 10 qq3a.200905.001 eng.pachec.20201022.113813 test-keys": 1,
  "rr_laurel_sprout-userdebug 10 qq3a.200905.001 eng.pachec.20201023.015345 test-keys": 3,
  "rr_laurel_sprout-userdebug 10 qq3a.200905.001 eng.roxirp.20201002.045711 test-keys": 1,
  "rr_laurel_sprout-userdebug 10 qq3a.200905.001 eng.rrocnx.20201003.093212 test-keys": 2
}