{
  "17.0-20191203-unofficial-laurel_sprout": 36,
  "17.0-20191230-unofficial-laurel_sprout": 1,
  "17.1-20200328-unofficial-laurel_sprout": 8,
  "17.1-20200728-unofficial-laurel_sprout": 1,
  "17.1-20200814-unofficial-laurel_sprout": 1,
  "17.1-20200821-unofficial-z3": 540,
  "17.1-20200908-unofficial-laurel_sprout": 13,
  "17.1-20200917-unofficial-laurel_sprout": 1,
  "17.1-20200921-unofficial-laurel_sprout": 13,
  "17.1-20200928-unofficial-laurel_sprout": 5,
  "17.1-20200930-unofficial-laurel_sprout": 1,
  "17.1-20201007-unofficial-laurel_sprout": 1,
  "17.1-20201008-unofficial-laurel_sprout": 2,
  "18.0-20201007-unofficial-laurel_sprout": 2,
  "18.0-20201008-unofficial-laurel_sprout": 12,
  "18.0-20201009-unofficial-laurel_sprout": 5,
  "18.0-20201010-unofficial-laurel_sprout": 952,
  "18.0-20201015-unofficial-laurel_sprout": 4,
  "18.0-20201016-unofficial-laurel_sprout": 215,
  "18.0-20201021-unofficial-laurel_sprout": 1,
  "5.1-official-20200315-laurel_sprout": 1,
  "mi a3": 24,
  "rr_laurel_sprout-userdebug 10 qq3a.200905.001 eng.pachec.20201010.180254 test-keys": 25,
  "rr_laurel_sprout-userdebug 10 qq3a.200905.001 eng.pachec.20201012.024821 test-keys": 43,
  "rr_laurel_sprout-userdebug 10 qq3a.200905.001 eng.pachec.20201013.211331 test-keys": 2,
  "rr_laurel_sprout-userdebug 10 qq3a.200905.001 eng.pachec.20201014.001700 test-keys": 52,
  "rr_laurel_sprout-userdebug 10 qq3a.200905.001 eng.pachec.20201018.105554 test-keys": 90,
  "rr_laurel_sprout-userdebug 10 qq3a.200905.001 eng.pachec.20201020.165307 test-keys": 2,
  "rr_laurel_sprout-userdebug 10 qq3a.200905.001 eng.pachec.20201022.113813 test-keys": 1,
  "rr_laurel_sprout-userdebug 10 qq3a.200905.001 eng.pachec.20201023.015345 test-keys": 3,
  "rr_laurel_sprout-userdebug 10 qq3a.200905.001 eng.roxirp.20201002.045711 test-keys": 1,
  "rr_laurel_sprout-userdebug 10 qq3a.200905.001 eng.rrocnx.20201003.093212 test-keys": 2
}