{
  "0.12-q-20201005-unofficial-ginkgo": 6,
  "10.0-20200823-unofficial-snapshot-ginkgo": 8,
  "16.0": 10,
  "16.0-20191121-unofficial-ginkgo": 12,
  "16.0-20191229-unofficial-ginkgo": 1,
  "16.0-20200309-nightly-bacon": 1,
  "16.0-20200402-darkjoker360-ginkgo": 21,
  "16.0-20200724-unofficial-ginkgo": 13,
  "17.1-20200112-unofficial-ginkgo": 4,
  "17.1-20200203-unofficial-ginkgo": 6,
  "17.1-20200307-unofficial-ginkgo": 6,
  "17.1-20200411-unofficial-ginkgo": 50,
  "17.1-20200515-unofficial-ginkgo": 12,
  "17.1-20200522-unofficial-ginkgo": 6,
  "17.1-20200529-unofficial-ginkgo": 1,
  "17.1-20200608-unofficial-ginkgo": 67,
  "17.1-20200622-unofficial-ginkgo": 8,
  "17.1-20200718-unofficial-ginkgo": 3,
  "17.1-20200808-official-ginkgo": 1,
  "17.1-20200808-unofficial-ginkgo": 42,
  "17.1-20200810-unofficial-ginkgo": 7,
  "17.1-20200817-experimental-ginkgo": 2,
  "17.1-20200824-unofficial-ginkgo": 19,
  "17.1-20200910-unofficial-ginkgo": 2,
  "17.1-20200911-unofficial-ginkgo": 1,
  "17.1-20200913-unofficial-ginkgo": 1,
  "17.1-20200914-unofficial-ginkgo": 40,
  "17.1-20200915-unofficial-ginkgo": 3,
  "17.1-20200916-unofficial-ginkgo": 7,
  "17.1-20200917-unofficial-ginkgo": 249,
  "17.1-20200918-unofficial-ginkgo": 2,
  "17.1-20200923-unofficial-ginkgo": 1,
  "17.1-20200927-unofficial-ginkgo": 1,
  "17.1-20200928-nightly-ginkgo": 800,
  "17.1-20200928-unofficial-ginkgo": 1,
  "17.1-20200929-unofficial-ginkgo": 2,
  "17.1-20200930-unofficial-ginkgo": 1,
  "17.1-20201001-unofficial-ginkgo": 1,
  "17.1-20201002-unofficial-ginkgo": 1,
  "17.1-20201003-unofficial-ginkgo": 4,
  "17.1-20201004-unofficial-ginkgo": 1,
  "17.1-20201005-nightly-ginkgo": 520,
  "17.1-20201005-unofficial-ginkgo": 1,
  "17.1-20201007-unofficial-ginkgo": 2,
  "17.1-20201008-unofficial-ginkgo": 1,
  "17.1-20201009-unofficial-ginkgo": 1,
  "5.1-20200919-sana_public-ginkgo": 1,
  "cor-user 7.1.2huaweicor-al10 2x634ql1t8 release-keys": 1,
  "ginkgo-user 7.1.2pkq1.190616.001 027hl7x33s release-keys": 1,
  "ginkgo-user 7.1.2pkq1.190616.001 0g5v840951 release-keys": 1,
  "ginkgo-user 7.1.2pkq1.190616.001 0j50g6y82s release-keys": 1,
  "ginkgo-user 7.1.2pkq1.190616.001 0n7b8407i1 release-keys": 1,
  "ginkgo-user 7.1.2pkq1.190616.001 11iwy8km4y release-keys": 1,
  "ginkgo-user 7.1.2pkq1.190616.001 271k9l8q1b release-keys": 1,
  "ginkgo-user 7.1.2pkq1.190616.001 2llk1sqay1 release-keys": 1,
  "ginkgo-user 7.1.2pkq1.190616.001 2mic0nukpw release-keys": 1,
  "ginkgo-user 7.1.2pkq1.190616.001 33h576hh0e release-keys": 1,
  "ginkgo-user 7.1.2pkq1.190616.001 4036652q5p release-keys": 1,
  "ginkgo-user 7.1.2pkq1.190616.001 4cq347saud release-keys": 1,
  "ginkgo-user 7.1.2pkq1.190616.001 4oc83289n0 release-keys": 1,
  "ginkgo-user 7.1.2pkq1.190616.001 5046483cb7 release-keys": 1,
  "ginkgo-user 7.1.2pkq1.190616.001 53y51b8r20 release-keys": 1,
  "ginkgo-user 7.1.2pkq1.190616.001 547oe5728h release-keys": 1,
  "ginkgo-user 7.1.2pkq1.190616.001 54trpkyfej release-keys": 1,
  "ginkgo-user 7.1.2pkq1.190616.001 54ucjf61as release-keys": 1,
  "ginkgo-user 7.1.2pkq1.190616.001 56l7sa0285 release-keys": 1,
  "ginkgo-user 7.1.2pkq1.190616.001 5hs63yi4pf release-keys": 1,
  "ginkgo-user 7.1.2pkq1.190616.001 5y27d1lyhs release-keys": 1,
  "ginkgo-user 7.1.2pkq1.190616.001 64wkc9aavl release-keys": 1,
  "ginkgo-user 7.1.2pkq1.190616.001 67168gf924 release-keys": 1,
  "ginkgo-user 7.1.2pkq1.190616.001 7a2s451472 release-keys": 1,
  "ginkgo-user 7.1.2pkq1.190616.001 7g4bw5nn6u release-keys": 1,
  "ginkgo-user 7.1.2pkq1.190616.001 818d6ftv66 release-keys": 1,
  "ginkgo-user 7.1.2pkq1.190616.001 9g686tg2q4 release-keys": 1,
  "ginkgo-user 7.1.2pkq1.190616.001 9vq108tj55 release-keys": 1,
  "ginkgo-user 7.1.2pkq1.190616.001 azx457h9ol release-keys": 1,
  "ginkgo-user 7.1.2pkq1.190616.001 bs99l68jdt release-keys": 1,
  "ginkgo-user 7.1.2pkq1.190616.001 h1u2616w3j release-keys": 1,
  "ginkgo-user 7.1.2pkq1.190616.001 jb3648f8c0 release-keys": 1,
  "ginkgo-user 7.1.2pkq1.190616.001 kl78e73e13 release-keys": 1,
  "ginkgo-user 7.1.2pkq1.190616.001 mt5755c1r0 release-keys": 1,
  "ginkgo-user 7.1.2pkq1.190616.001 r28x6mn605 release-keys": 1,
  "ginkgo-user 7.1.2pkq1.190616.001 rb4rd33qk2 release-keys": 1,
  "ginkgo-user 7.1.2pkq1.190616.001 rd79owl8eu release-keys": 1,
  "ginkgo-user 7.1.2pkq1.190616.001 rn9ni2fr06 release-keys": 2,
  "ginkgo-user 7.1.2pkq1.190616.001 t8pp1hpf8q release-keys": 1,
  "ginkgo-user 7.1.2pkq1.190616.001 u6b4o230pi release-keys": 1,
  "ginkgo-user 7.1.2pkq1.190616.001 w682x485uo release-keys": 1,
  "ginkgo-user 7.1.2pkq1.190616.001 ywe761xb9z release-keys": 1,
  "ginkgo-user 7.1.2pkq1.190616.001 zy6wa5htn3 release-keys": 1,
  "k62v1_64_bsp-user 7.1.2o11019 pxg28smi1q release-keys": 1,
  "lineage_ginkgo-userdebug 10 qq3a.200705.002 eng.berkay.20200803.113340 test-keys": 2,
  "neutron_ginkgo-userdebug 10 qq3a.200805.001 eng.riccdu.20200909.123320 test-keys": 6,
  "qq2a.200405.005": 1,
  "qq3a.200805.001": 147,
  "qq3a.200805.001 release-keys": 1,
  "rr_ginkgo-userdebug 10 qq3a.200805.001 eng.bence.20200909.192442 test-keys": 1,
  "rr_ginkgo-userdebug 10 qq3a.200805.001 eng.dqrkn3.20200826.170409 test-keys": 116,
  "rr_ginkgo-userdebug 10 qq3a.200805.001 eng.jmpfbm.20200812.223806 test-keys": 41,
  "rr_ginkgo-userdebug 10 qq3a.200805.001 eng.jmpfbm.20200814.013522 test-keys": 19,
  "rr_ginkgo-userdebug 10 qq3a.200805.001 eng.jmpfbm.20200818.194044 test-keys": 24,
  "rr_ginkgo-userdebug 10 qq3a.200805.001 eng.rifkym.20200811.214014 test-keys": 1,
  "rr_ginkgo-userdebug 10 qq3a.200905.001 eng.dqrkn3.20200912.145014 release-keys": 29,
  "rr_ginkgo-userdebug 10 qq3a.200905.001 eng.dqrkn3.20200913.175106 release-keys": 115,
  "rr_ginkgo-userdebug 10 qq3a.200905.001 eng.dqrkn3.20200918.003836 release-keys": 3,
  "rr_ginkgo-userdebug 10 qq3a.200905.001 eng.dqrkn3.20200918.060731 release-keys": 585,
  "rr_ginkgo-userdebug 10 qq3a.200905.001 eng.dqrkn3.20200929.211224 release-keys": 1,
  "rr_ginkgo-userdebug 10 qq3a.200905.001 eng.dqrkn3.20201001.001234 release-keys": 1,
  "rr_ginkgo-userdebug 10 qq3a.200905.001 eng.dqrkn3.20201002.140152 release-keys": 452,
  "rr_ginkgo-userdebug 10 qq3a.200905.001 eng.dqrkn3.20201008.004932 release-keys": 257,
  "rr_ginkgo-userdebug 10 qq3a.200905.001 eng.madmax.20200922.234247 release-keys": 2
}