{
  "0.12-q-20201005-unofficial-ginkgo": 8,
  "10.0-20200823-unofficial-snapshot-ginkgo": 9,
  "16.0": 12,
  "16.0-20191121-unofficial-ginkgo": 14,
  "16.0-20191229-unofficial-ginkgo": 2,
  "16.0-20200309-nightly-bacon": 1,
  "16.0-20200402-darkjoker360-ginkgo": 32,
  "16.0-20200724-unofficial-ginkgo": 16,
  "17.1-20200112-unofficial-ginkgo": 4,
  "17.1-20200203-unofficial-ginkgo": 6,
  "17.1-20200307-unofficial-ginkgo": 6,
  "17.1-20200411-unofficial-ginkgo": 52,
  "17.1-20200515-unofficial-ginkgo": 13,
  "17.1-20200522-unofficial-ginkgo": 6,
  "17.1-20200529-unofficial-ginkgo": 1,
  "17.1-20200608-unofficial-ginkgo": 71,
  "17.1-20200622-unofficial-ginkgo": 9,
  "17.1-20200718-unofficial-ginkgo": 3,
  "17.1-20200808-official-ginkgo": 1,
  "17.1-20200808-unofficial-ginkgo": 46,
  "17.1-20200810-unofficial-ginkgo": 7,
  "17.1-20200817-experimental-ginkgo": 2,
  "17.1-20200824-unofficial-ginkgo": 19,
  "17.1-20200910-unofficial-ginkgo": 2,
  "17.1-20200911-unofficial-ginkgo": 1,
  "17.1-20200913-unofficial-ginkgo": 1,
  "17.1-20200914-unofficial-ginkgo": 41,
  "17.1-20200915-unofficial-ginkgo": 3,
  "17.1-20200916-unofficial-ginkgo": 7,
  "17.1-20200917-unofficial-ginkgo": 275,
  "17.1-20200918-unofficial-ginkgo": 2,
  "17.1-20200923-unofficial-ginkgo": 1,
  "17.1-20200927-unofficial-ginkgo": 1,
  "17.1-20200928-nightly-ginkgo": 813,
  "17.1-20200928-unofficial-ginkgo": 1,
  "17.1-20200929-unofficial-ginkgo": 2,
  "17.1-20200930-unofficial-ginkgo": 1,
  "17.1-20201001-unofficial-ginkgo": 1,
  "17.1-20201002-unofficial-ginkgo": 1,
  "17.1-20201003-unofficial-ginkgo": 4,
  "17.1-20201004-unofficial-ginkgo": 1,
  "17.1-20201005-nightly-ginkgo": 595,
  "17.1-20201005-unofficial-ginkgo": 1,
  "17.1-20201007-unofficial-ginkgo": 3,
  "17.1-20201008-unofficial-ginkgo": 2,
  "17.1-20201009-unofficial-ginkgo": 1,
  "17.1-20201011-unofficial-ginkgo": 2,
  "17.1-20201012-nightly-ginkgo": 556,
  "17.1-20201014-microg-ginkgo": 104,
  "17.1-20201014-unofficial-ginkgo": 1,
  "17.1-20201015-unofficial-ginkgo": 1,
  "17.1-20201016-unofficial-ginkgo": 2,
  "5.1-20200919-sana_public-ginkgo": 1,
  "cor-user 7.1.2huaweicor-al10 2x634ql1t8 release-keys": 1,
  "ginkgo-user 7.1.2pkq1.190616.001 027hl7x33s release-keys": 1,
  "ginkgo-user 7.1.2pkq1.190616.001 08vusw5863 release-keys": 1,
  "ginkgo-user 7.1.2pkq1.190616.001 0g5v840951 release-keys": 1,
  "ginkgo-user 7.1.2pkq1.190616.001 0j50g6y82s release-keys": 1,
  "ginkgo-user 7.1.2pkq1.190616.001 0n7b8407i1 release-keys": 1,
  "ginkgo-user 7.1.2pkq1.190616.001 11iwy8km4y release-keys": 1,
  "ginkgo-user 7.1.2pkq1.190616.001 245j8ylu95 release-keys": 1,
  "ginkgo-user 7.1.2pkq1.190616.001 271k9l8q1b release-keys": 1,
  "ginkgo-user 7.1.2pkq1.190616.001 2a11himr58 release-keys": 1,
  "ginkgo-user 7.1.2pkq1.190616.001 2llk1sqay1 release-keys": 1,
  "ginkgo-user 7.1.2pkq1.190616.001 2mic0nukpw release-keys": 1,
  "ginkgo-user 7.1.2pkq1.190616.001 2n5ai76f56 release-keys": 1,
  "ginkgo-user 7.1.2pkq1.190616.001 33h576hh0e release-keys": 1,
  "ginkgo-user 7.1.2pkq1.190616.001 4036652q5p release-keys": 1,
  "ginkgo-user 7.1.2pkq1.190616.001 4cq347saud release-keys": 1,
  "ginkgo-user 7.1.2pkq1.190616.001 4h3y45p90w release-keys": 1,
  "ginkgo-user 7.1.2pkq1.190616.001 4oc83289n0 release-keys": 1,
  "ginkgo-user 7.1.2pkq1.190616.001 5046483cb7 release-keys": 1,
  "ginkgo-user 7.1.2pkq1.190616.001 52w0un3nz4 release-keys": 1,
  "ginkgo-user 7.1.2pkq1.190616.001 53y51b8r20 release-keys": 1,
  "ginkgo-user 7.1.2pkq1.190616.001 547oe5728h release-keys": 1,
  "ginkgo-user 7.1.2pkq1.190616.001 54trpkyfej release-keys": 1,
  "ginkgo-user 7.1.2pkq1.190616.001 54ucjf61as release-keys": 1,
  "ginkgo-user 7.1.2pkq1.190616.001 5526h371eb release-keys": 1,
  "ginkgo-user 7.1.2pkq1.190616.001 55ufi8qq9p release-keys": 1,
  "ginkgo-user 7.1.2pkq1.190616.001 56l7sa0285 release-keys": 1,
  "ginkgo-user 7.1.2pkq1.190616.001 5hs63yi4pf release-keys": 1,
  "ginkgo-user 7.1.2pkq1.190616.001 5qm3r03v72 release-keys": 1,
  "ginkgo-user 7.1.2pkq1.190616.001 5y27d1lyhs release-keys": 1,
  "ginkgo-user 7.1.2pkq1.190616.001 64wkc9aavl release-keys": 1,
  "ginkgo-user 7.1.2pkq1.190616.001 67168gf924 release-keys": 1,
  "ginkgo-user 7.1.2pkq1.190616.001 6o82r7w7o0 release-keys": 1,
  "ginkgo-user 7.1.2pkq1.190616.001 7a2s451472 release-keys": 1,
  "ginkgo-user 7.1.2pkq1.190616.001 7dh7h84p3i release-keys": 1,
  "ginkgo-user 7.1.2pkq1.190616.001 7g4bw5nn6u release-keys": 1,
  "ginkgo-user 7.1.2pkq1.190616.001 818d6ftv66 release-keys": 1,
  "ginkgo-user 7.1.2pkq1.190616.001 9g686tg2q4 release-keys": 1,
  "ginkgo-user 7.1.2pkq1.190616.001 9vq108tj55 release-keys": 1,
  "ginkgo-user 7.1.2pkq1.190616.001 azx457h9ol release-keys": 1,
  "ginkgo-user 7.1.2pkq1.190616.001 bs99l68jdt release-keys": 1,
  "ginkgo-user 7.1.2pkq1.190616.001 d96ty92f84 release-keys": 1,
  "ginkgo-user 7.1.2pkq1.190616.001 h1u2616w3j release-keys": 1,
  "ginkgo-user 7.1.2pkq1.190616.001 h61992t40b release-keys": 1,
  "ginkgo-user 7.1.2pkq1.190616.001 iphoz95613 release-keys": 1,
  "ginkgo-user 7.1.2pkq1.190616.001 jb3648f8c0 release-keys": 1,
  "ginkgo-user 7.1.2pkq1.190616.001 jo4b8g6eyc release-keys": 1,
  "ginkgo-user 7.1.2pkq1.190616.001 kl78e73e13 release-keys": 1,
  "ginkgo-user 7.1.2pkq1.190616.001 kore5d159j release-keys": 1,
  "ginkgo-user 7.1.2pkq1.190616.001 mmu8pmgw24 release-keys": 1,
  "ginkgo-user 7.1.2pkq1.190616.001 mt5755c1r0 release-keys": 1,
  "ginkgo-user 7.1.2pkq1.190616.001 q51s87m144 release-keys": 1,
  "ginkgo-user 7.1.2pkq1.190616.001 qa76tq9i67 release-keys": 1,
  "ginkgo-user 7.1.2pkq1.190616.001 r250z032z6 release-keys": 1,
  "ginkgo-user 7.1.2pkq1.190616.001 r28x6mn605 release-keys": 1,
  "ginkgo-user 7.1.2pkq1.190616.001 rb4rd33qk2 release-keys": 1,
  "ginkgo-user 7.1.2pkq1.190616.001 rd79owl8eu release-keys": 1,
  "ginkgo-user 7.1.2pkq1.190616.001 rn9ni2fr06 release-keys": 2,
  "ginkgo-user 7.1.2pkq1.190616.001 t8pp1hpf8q release-keys": 1,
  "ginkgo-user 7.1.2pkq1.190616.001 u6b4o230pi release-keys": 1,
  "ginkgo-user 7.1.2pkq1.190616.001 v990m12sf6 release-keys": 1,
  "ginkgo-user 7.1.2pkq1.190616.001 w682x485uo release-keys": 1,
  "ginkgo-user 7.1.2pkq1.190616.001 ywe761xb9z release-keys": 1,
  "ginkgo-user 7.1.2pkq1.190616.001 zy6wa5htn3 release-keys": 1,
  "k62v1_64_bsp-user 7.1.2o11019 pxg28smi1q release-keys": 1,
  "lineage_ginkgo-userdebug 10 qq3a.200705.002 eng.berkay.20200803.113340 test-keys": 3,
  "neutron_ginkgo-userdebug 10 qq3a.200805.001 eng.riccdu.20200909.123320 test-keys": 7,
  "qq2a.200405.005": 1,
  "qq3a.200805.001": 161,