{
  "14.1-20191209-unofficial-libra": 5,
  "14.1-20191229-unofficial-libra": 3,
  "14.1-20191231-unofficial-capricorn": 1,
  "16.0-20191121-unofficial-ginkgo": 151,
  "16.0-20191127-unofficial-ginkgo": 2,
  "16.0-20191229-darkjoker360-ginkgo": 153,
  "16.0-20191229-unofficial-ginkgo": 33,
  "16.0-20200119-unofficial-ginkgo": 1,
  "16.0-20200120-unofficial-ginkgo": 1,
  "16.0-20200319-darkjoker360-ginkgo": 55,
  "16.0-20200326-darkjoker360-ginkgo": 20,
  "16.2-20200101-official-laraine-ginkgo": 1,
  "17.0-20191202-unofficial-ginkgo": 1,
  "17.0-20191231-unofficial-ginkgo": 12,
  "17.0-20200101-unofficial-ginkgo": 3,
  "17.0-20200102-unofficial-ginkgo": 10,
  "17.0-20200103-unofficial-ginkgo": 4,
  "17.1-20200105-unofficial-ginkgo": 319,
  "17.1-20200108-unofficial-ginkgo": 3,
  "17.1-20200112-unofficial-ginkgo": 402,
  "17.1-20200119-unofficial-ginkgo": 2,
  "17.1-20200122-unofficial-ginkgo": 3,
  "17.1-20200203-unofficial-ginkgo": 225,
  "17.1-20200307-unofficial-ginkgo": 136,
  "17.1-20200312-unofficial-ginkgo": 1,
  "17.1-20200320-darkjoker360-ginkgo": 2,
  "17.1-20200326-unofficial-ginkgo": 4,
  "9.0.0-ginkgo": 1,
  "9.zhuofan-20200110-chiashuen-ginkgo": 2,
  "ginkgo-user 7.1.2pkq1.190616.001 56pp66l39v release-keys": 1,
  "ginkgo-user 7.1.2pkq1.190616.001 f3o138it2g release-keys": 1,
  "ginkgo-user 7.1.2pkq1.190616.001 j09i0c87eg release-keys": 1,
  "ginkgo-user 7.1.2pkq1.190616.001 w1dcw73y5j release-keys": 1,
  "ginkgo-user 7.1.2pkq1.190616.001 xfs7lp443g release-keys": 1,
  "hi6210sft-user 7.1.2honorcam-ul00 ag6c25092p release-keys": 1,
  "lineage_capricorn-userdebug 7.1.2 njh47f e3b3ad4648 test-keys": 1,
  "lineage_libra-userdebug 7.1.2 njh47f 0ec15bdf80 test-keys": 1,
  "lineage_oneplus3-userdebug 7.1.2 njh47f da24422be4 test-keys": 1,
  "p450s10-user 7.1.2opm1.171019.026 ubav1yi914 release-keys": 1,
  "rr_ginkgo-eng 10 qp1a.191105.004 eng.jimbo.20200125.174035 test-keys": 2
}