{
  "14.1-20191209-unofficial-libra": 7,
  "14.1-20191229-unofficial-libra": 3,
  "14.1-20191231-unofficial-capricorn": 1,
  "16.0-20191121-unofficial-ginkgo": 192,
  "16.0-20191127-unofficial-ginkgo": 2,
  "16.0-20191226-unofficial-ginkgo": 2,
  "16.0-20191229-darkjoker360-ginkgo": 147,
  "16.0-20191229-unofficial-ginkgo": 28,
  "16.0-20200119-unofficial-ginkgo": 1,
  "16.0-20200120-unofficial-ginkgo": 1,
  "16.2-20200101-official-laraine-ginkgo": 1,
  "17.0-20191202-unofficial-ginkgo": 1,
  "17.0-20191231-unofficial-ginkgo": 12,
  "17.0-20200101-unofficial-ginkgo": 3,
  "17.0-20200102-unofficial-ginkgo": 10,
  "17.0-20200103-unofficial-ginkgo": 4,
  "17.1-20200105-unofficial-ginkgo": 317,
  "17.1-20200108-unofficial-ginkgo": 3,
  "17.1-20200112-unofficial-ginkgo": 399,
  "17.1-20200119-unofficial-ginkgo": 2,
  "17.1-20200122-unofficial-ginkgo": 3,
  "17.1-20200203-unofficial-ginkgo": 179,
  "9.0.0-ginkgo": 1,
  "9.zhuofan-20200110-chiashuen-ginkgo": 2,
  "ginkgo-user 7.1.2pkq1.190616.001 f3o138it2g release-keys": 1,
  "ginkgo-user 7.1.2pkq1.190616.001 j09i0c87eg release-keys": 1,
  "pkq1.190616.001": 1,
  "rr_ginkgo-eng 10 qp1a.191105.004 eng.jimbo.20200125.174035 test-keys": 2
}