{
  "17.1-20200715-unofficial-tissot": 2,
  "17.1-20200821-unofficial-z3": 30,
  "18.0-20201017_054056-unofficial-a30": 4,
  "18.0-20201017_104949-unofficial-a30": 141,
  "18.0-20201023_162226-unofficial-a30": 75,
  "18.0-20201101_142030-unofficial-a30": 1,
  "18.0-20201102_092137-unofficial-a30": 4,
  "18.0-20201102_152557-unofficial-a30": 142,
  "18.0-20201118_095214-unofficial-a30": 82,
  "18.0-20201123_110028-unofficial-samarv-121-a30": 2,
  "18.0-20201201_161908-unofficial-samarv-121-a30": 2,
  "18.0-20201204_050642-unofficial-samarv-121-a30": 9,
  "18.0-20201205_095022-unofficial-samarv-121-a30": 3,
  "18.0-20201206_134506-unofficial-samarv-121-a30": 21,
  "18.0-20201206_210235-unofficial-samarv-121-a30": 75,
  "18.1-20201223_053153-unofficial-samarv-121-a30": 22,
  "18.1-20201229_131728-unofficial-3037829-a30": 13,
  "3.r": 172,
  "3.r.beta-2": 2,
  "3.r.beta3": 148,
  "4.r": 32,
  "built.with.erfangsi.tools": 4,
  "treble_arm64_bvn-userdebug 10 qq3a.200905.001 eng.diust.20201222.182702 test-keys": 16,
  "treble_arm64_bvn-userdebug 10 qq3a.200905.001 eng.igor.20201013.190840 test-keys": 3
}