{
  "ad": 29,
  "ae": 1144,
  "af": 169,
  "ag": 41,
  "ai": 29,
  "al": 483,
  "am": 423,
  "ao": 271,
  "ao,-11.202692,17.873887": 1,
  "ar": 8586,
  "at": 5597,
  "au": 7155,
  "austria": 26,
  "aw": 18,
  "aw,12.52111,-69.968338": 1,
  "az": 874,
  "ba": 730,
  "bb": 32,
  "bd": 5305,
  "be": 3306,
  "bf": 511,
  "bg": 2286,
  "bh": 1170,
  "bh,25.930414,50.637772": 1,
  "bi": 35,
  "bj": 67,
  "bm": 14,
  "bm,32.321384,-64.75737": 2,
  "bn": 125,
  "bo": 817,
  "br": 51651,
  "bs": 42,
  "bt": 7,
  "bt,27.514162,90.433601": 1,
  "bw": 166,
  "by": 3760,
  "by,53.709807,27.953389": 1,
  "bz": 22,
  "ca": 9968,
  "cambodia": 292,
  "cambodiavn": 6,
  "cc": 1,
  "cd": 122,
  "cf": 1,
  "cg": 178,
  "ch": 3740,
  "ch,46.818188,8.227512": 1,
  "ci": 200,
  "ck": 12,
  "cl": 2841,
  "cl,-35.675147,-71.542969": 2,
  "cm": 329,
  "cm,7.369722,12.354722": 1,
  "cn": 256784,
  "co": 7038,
  "cr": 792,
  "cu": 443,
  "cv": 50,
  "cw": 33,
  "cy": 311,
  "cy,35.126413,33.429859": 1,
  "cz": 4285,
  "de": 84250,
  "dj": 6,
  "dj,11.825138,42.590275": 1,
  "dk": 1519,
  "dm": 11,
  "dm,15.414999,-61.370976": 1,
  "do": 1328,
  "dr": 9,
  "dy": 9,
  "dz": 2812,
  "ec": 1673,
  "ee": 875,
  "eg": 4967,
  "er": 2,
  "es": 15897,
  "et": 452,
  "fi": 2440,
  "fi,61.92411,25.748151": 1,
  "fj": 31,
  "fm": 1,
  "fo": 6,
  "fr": 16945,
  "ga": 76,
  "gb": 16042,
  "gd": 11,
  "ge": 737,
  "ger": 1,
  "germany": 67,
  "gf": 4,
  "gg": 1,
  "gh": 984,
  "gh,7.946527,-1.023194": 1,
  "gi": 21,
  "gl": 15,
  "gm": 114,
  "gn": 30,
  "gp": 116,
  "gq": 11,
  "gr": 3784,
  "gt": 586,
  "gw": 5,
  "gy": 120,
  "hk": 2320,
  "hm,-53.08181,73.504158": 1,
  "hn": 469,
  "hr": 1909,
  "ht": 52,
  "hu": 3429,
  "hu,47.162494,19.503304": 1,
  "id": 77957,
  "ie": 1436,
  "ie,53.41291,-8.24389": 1,
  "il": 2508,
  "in": 63023,
  "in,20.593684,78.96288": 1,
  "iq": 796,
  "ir": 8376,
  "ireland": 22,
  "is": 96,
  "it": 20957,
  "japan": 10,
  "je,49.214439,-2.13125": 1,
  "jm": 736,
  "jo": 546,
  "jo,30.585164,36.238414": 1,
  "jp": 8719,
  "ke": 946,
  "ke,-0.023559,37.906193": 1,
  "kg": 458,
  "kh": 660,
  "kh,12.565679,104.990963": 1,
  "ki": 2,
  "km": 2,
  "km,-11.875001,43.872219": 1,
  "kn": 15,
  "kp": 6,
  "kr": 7420,
  "kr,35.907757,127.766922": 1,
  "kt": 2,
  "kw": 1320,
  "ky": 19,
  "kz": 2367,
  "kzt": 1,
  "la": 848,
  "la,19.85627,102.495496": 1,
  "latvia": 4,
  "lb": 326,
  "lc": 33,
  "li": 10,
  "lithum": 5,
  "lk": 1095,
  "lk,7.873054,80.771797": 1,
  "ll": 1,
  "lr": 13,
  "ls": 69,
  "lt": 2125,
  "lu": 178,
  "lv": 1268,
  "lv\r\n": 3,
  "ly": 165,
  "ma": 2747,
  "malta": 21,
  "matka": 5,
  "mc": 120,
  "md": 1057,
  "me": 121,
  "me,42.708678,19.37439": 1,
  "mejdnufdn0uzm0rcnkq0quuzndhfmuy1m0u2q0e3ouq=\n    ": 1,
  "mf": 13,
  "mg": 430,
  "mjbfm0rcrtaxrju4njfdotgwrtzdq0ndouq2nzdgmzc=\n    ": 1,
  "mk": 469,
  "ml": 81,
  "mm": 835,
  "mn": 943,
  "mo": 70,
  "mq": 9,
  "mq,14.641528,-61.024174": 1,
  "mr": 41,
  "mr,21.00789,-10.940835": 1,
  "ms,16.742498,-62.187366": 2,
  "mt": 245,
  "mt,35.937496,14.375416": 1,
  "mu": 183,
  "mv": 121,
  "mw": 131,
  "mx": 16393,
  "mx,23.634501,-102.552784": 1,
  "my": 9125,
  "mz": 326,
  "na": 92,
  "nc": 9,
  "ndu5rem2mtuzn0i5ndjfrdncrejbrjrbrtizmtu1qjk=\n    ": 1,
  "ne": 69,
  "ng": 2887,
  "ni": 397,
  "nke2rjm5ndq4ndg3ntrdrdbdqzbfrtdfqjm2rjreotm=\n    ": 1,
  "nl": 9624,
  "no": 1124,
  "no,60.472024,8.468946": 1,
  "np": 1881,
  "ntfbrdi4njeynerendmymda4oumymui2njvbqzmxmjc=\n    ": 1,
  "nu": 1,
  "nz": 1634,
  "o2": 9,
  "og": 1,
  "om": 2128,
  "oman": 1,
  "op": 54,
  "optus": 3,
  "ot": 2,
  "pa": 318,
  "pe": 2877,
  "pf": 42,
  "pg": 38,
  "ph": 8864,
  "ph,12.879721,121.774017": 1,
  "pk": 5119,
  "pl": 16052,
  "pm": 4,
  "pn,-24.703615,-127.439308": 1,
  "pr": 102,
  "pr,18.220833,-66.590149": 9,
  "pt": 5074,
  "pw": 4,
  "py": 528,
  "q0ngrjnfrunfouy3rtyxree0njbgnuzcrkyyruuzquy=\n    ": 1,
  "qa": 333,
  "qkuzqteynuiyn0qzmjy1ndkxrjkzquexotuzrdy0m0y=\n    ": 1,
  "qky1muq1oduwm0jdruq4q0iyqzeyntnbmtmwnum0rji=\n    ": 1,
  "qtldqji1mdewmdqwmjcwnkq3qzqwmercqjy3ndc5njy=\n    ": 1,
  "re": 168,
  "ro": 5034,
  "rs": 2151,
  "ru": 66525,
  "rui0oei2nee3m0zequuwnzdbrkmxnzu5quq4oenbrki=\n    ": 1,
  "rw": 116,
  "rw,-1.940278,29.873888": 1,
  "sa": 1712,
  "sb": 2,
  "sb,-9.64571,160.156194": 1,
  "sc": 12,
  "sd": 545,
  "se": 3245,
  "sg": 1619,
  "sg,1.352083,103.819836": 1,
  "si": 982,
  "si,46.151241,14.995463": 1,
  "sk": 1794,
  "sl": 35,
  "sm,43.94236,12.457777": 1,
  "sn": 264,
  "so": 9,
  "sr": 80,
  "ss": 5,
  "st": 28,
  "sv": 640,
  "sy": 678,
  "sz": 38,
  "sz,-26.522503,31.465866": 1,
  "tc": 5,
  "td": 3,
  "tels": 1,
  "tg": 249,
  "th": 4742,
  "tj": 228,
  "tl": 26,
  "tm": 86,
  "tn": 987,
  "tn,33.886917,9.537499": 1,
  "to": 30,
  "tr": 12995,
  "tt": 357,
  "tw": 5354,
  "tz": 253,
  "ua": 16060,
  "ug": 316,
  "uk": 94,
  "unknow": 1,
  "unknown": 646760,
  "us": 71962,
  "uy": 449,
  "uz": 1146,
  "va": 2,
  "vc": 9,
  "ve": 4733,
  "vg": 1,
  "vi": 1,
  "viva": 1,
  "vn": 14306,
  "vu": 5,
  "ws": 4,
  "xk,42.602636,20.902977": 1,
  "xx": 2,
  "ye": 283,
  "za": 2215,
  "zm": 282,
  "zr": 17,
  "zw": 268,
  "\u4e2d\u56fd\u79fb\u52a8": 2,
  "\ufeffaq\r\n": 1,
  "\ufeffkp\r\n": 1
}