{
  "'cn": 1,
  "ad": 29,
  "ae": 1186,
  "af": 167,
  "ag": 44,
  "ai": 31,
  "al": 487,
  "am": 487,
  "an": 3,
  "ao": 364,
  "ar": 8697,
  "at": 5327,
  "au": 6888,
  "austria": 18,
  "aw": 18,
  "az": 849,
  "ba": 735,
  "bb": 37,
  "bd": 5502,
  "be": 3150,
  "bf": 475,
  "bg": 2136,
  "bh": 1257,
  "bh,25.930414,50.637772": 1,
  "bi": 39,
  "bj": 103,
  "bm": 14,
  "bn": 117,
  "bo": 814,
  "br": 49136,
  "bs": 37,
  "bt": 14,
  "bt,27.514162,90.433601": 1,
  "bv": 1,
  "bw": 185,
  "by": 3576,
  "by,53.709807,27.953389": 1,
  "bz": 17,
  "ca": 9622,
  "cambodia": 292,
  "cambodiavn": 6,
  "cc": 1,
  "cd": 144,
  "cf": 3,
  "cg": 173,
  "ch": 3589,
  "ci": 247,
  "ck": 12,
  "cl": 2700,
  "cl,-35.675147,-71.542969": 2,
  "cm": 398,
  "cn": 264634,
  "co": 6821,
  "cr": 762,
  "cro": 1,
  "ct": 4,
  "cu": 478,
  "cv": 50,
  "cw": 33,
  "cx": 1,
  "cy": 311,
  "cy,35.126413,33.429859": 1,
  "cz": 4087,
  "de": 97731,
  "dj": 14,
  "dj,11.825138,42.590275": 1,
  "dk": 1526,
  "dm": 12,
  "dm,15.414999,-61.370976": 1,
  "do": 1238,
  "dr": 9,
  "dy": 12,
  "dz": 2497,
  "ec": 1784,
  "ee": 1054,
  "eg": 4974,
  "er": 3,
  "es": 15201,
  "et": 611,
  "fi": 2366,
  "fi,61.92411,25.748151": 1,
  "fj": 40,
  "fk": 1,
  "fo": 6,
  "fr": 16221,
  "ga": 91,
  "gb": 15470,
  "gd": 10,
  "ge": 781,
  "germany": 83,
  "gf": 21,
  "gg": 1,
  "gh": 1044,
  "gh,7.946527,-1.023194": 1,
  "gi": 20,
  "gl": 14,
  "gm": 124,
  "gn": 58,
  "gp": 111,
  "gq": 11,
  "gr": 3735,
  "gs": 2,
  "gt": 569,
  "gu": 1,
  "gw": 9,
  "gy": 118,
  "hk": 2244,
  "hm": 2,
  "hm,-53.08181,73.504158": 1,
  "hn": 500,
  "hr": 2323,
  "ht": 84,
  "hu": 3248,
  "id": 70064,
  "ie": 1489,
  "ie,53.41291,-8.24389": 1,
  "il": 2428,
  "im": 1,
  "in": 55506,
  "iq": 860,
  "ir": 8085,
  "iraq": 1,
  "ireland": 1,
  "is": 87,
  "it": 20589,
  "japan": 10,
  "je": 1,
  "je,49.214439,-2.13125": 1,
  "jm": 710,
  "jo": 501,
  "jo,30.585164,36.238414": 1,
  "jp": 10995,
  "ke": 1001,
  "ke,-0.023559,37.906193": 1,
  "kg": 487,
  "kh": 598,
  "ki": 4,
  "km": 11,
  "km,-11.875001,43.872219": 1,
  "kn": 14,
  "kp": 7,
  "kpn": 3,
  "kr": 8070,
  "kr,35.907757,127.766922": 1,
  "kt": 2,
  "kw": 1132,
  "ky": 11,
  "kz": 2345,
  "la": 286,
  "latv": 1,
  "latvia": 4,
  "lb": 364,
  "lc": 26,
  "li": 14,
  "lithum": 6,
  "lk": 1105,
  "lk,7.873054,80.771797": 1,
  "ll": 1,
  "lr": 19,
  "ls": 91,
  "lt": 2347,
  "lt24602": 4,
  "lu": 172,
  "lv": 1682,
  "lv\r\n": 3,
  "lv,56.879635,24.603189": 1,
  "ly": 187,
  "ma": 2569,
  "malaysia": 2,
  "malta": 21,
  "mc": 123,
  "md": 1064,
  "me": 110,
  "me,42.708678,19.37439": 1,
  "mejdnufdn0uzm0rcnkq0quuzndhfmuy1m0u2q0e3ouq=\n    ": 1,
  "mf": 9,
  "mg": 437,
  "mh": 3,
  "mjbfm0rcrtaxrju4njfdotgwrtzdq0ndouq2nzdgmzc=\n    ": 1,
  "mk": 464,
  "ml": 96,
  "mm": 923,
  "mn": 962,
  "mo": 48,
  "mq": 11,
  "mq,14.641528,-61.024174": 1,
  "mr": 63,
  "mr,21.00789,-10.940835": 1,
  "ms": 1,
  "ms,16.742498,-62.187366": 1,
  "mt": 252,
  "mt,35.937496,14.375416": 1,
  "mu": 196,
  "mv": 131,
  "mw": 126,
  "mx": 16119,
  "my": 10121,
  "mz": 373,
  "na": 148,
  "nc": 11,
  "ndderdzfnke0qzgyrdawrthfqky2ndcwoeu2qui2ody=\n    ": 1,
  "ndu5rem2mtuzn0i5ndjfrdncrejbrjrbrtizmtu1qjk=\n    ": 1,
  "ne": 83,
  "neywmduxmzg5otlgndndndm4qtc0rkuwqjgwmjc1odk=\n    ": 1,
  "nf": 1,
  "ng": 2276,
  "ni": 448,
  "nki5ntmyqtzbrtdbq0y1n0yymtmxrtmymju0qtc3nzc=\n    ": 1,
  "nl": 9551,
  "no": 1114,
  "no,60.472024,8.468946": 1,
  "np": 1894,
  "nr": 1,
  "ntfbrdi4njeynerendmymda4oumymui2njvbqzmxmjc=\n    ": 1,
  "nu": 1,
  "nz": 1544,
  "o2": 14,
  "og": 1,
  "om": 4040,
  "oman": 1,
  "oo": 1,
  "op": 81,
  "optus": 3,
  "ot": 7,
  "pa": 317,
  "pe": 3076,
  "pf": 39,
  "pg": 59,
  "ph": 9570,
  "pk": 5313,
  "pl": 15762,
  "pm": 3,
  "pn,-24.703615,-127.439308": 1,
  "pr": 115,
  "pr,18.220833,-66.590149": 7,
  "pt": 4864,
  "pw": 5,
  "py": 546,
  "q0ngrjnfrunfouy3rtyxree0njbgnuzcrkyyruuzquy=\n    ": 1,
  "qa": 324,
  "qky1muq1oduwm0jdruq4q0iyqzeyntnbmtmwnum0rji=\n    ": 2,
  "qtldqji1mdewmdqwmjcwnkq3qzqwmercqjy3ndc5njy=\n    ": 1,
  "qtuzqjrbm0qymkq2muzdruy1rdg2qjm5qzkyrjyzmdc=\n    ": 1,
  "qtzcreu1oengmzm5n0zfmtddmjndmejbnkjbruixnum=\n    ": 1,
  "re": 164,
  "rjiwqtm3m0i4ntg5rjzeqzy5rkq2mzhfrkzbqjvbq0q=\n    ": 1,
  "ro": 5009,
  "rs": 2118,
  "rtfdmkqznuy0mefcnzvemtffnde2mkzdn0e4qzi4mdu=\n    ": 1,
  "ru": 56676,
  "rui0oei2nee3m0zequuwnzdbrkmxnzu5quq4oenbrki=\n    ": 1,
  "rw": 107,
  "sa": 1764,
  "sb": 5,
  "sb,-9.64571,160.156194": 1,
  "sc": 10,
  "sd": 571,
  "se": 3206,
  "sg": 1527,
  "sg,1.352083,103.819836": 1,
  "sh": 2,
  "si": 943,
  "si,46.151241,14.995463": 1,
  "sk": 1894,
  "sl": 45,
  "sm": 2,
  "sm,43.94236,12.457777": 1,
  "sn": 306,
  "so": 29,
  "sp": 20,
  "sr": 76,
  "ss": 8,
  "st": 31,
  "sv": 688,
  "sw": 5,
  "sy": 654,
  "sz": 64,
  "tc": 5,
  "td": 18,
  "tele": 1,
  "tels": 1,
  "tf": 1,
  "tg": 298,
  "th": 5101,
  "tj": 240,
  "tk": 3,
  "tl": 91,
  "tm": 93,
  "tn": 985,
  "to": 28,
  "tr": 12981,
  "tt": 422,
  "tv": 1,
  "tw": 5246,
  "tz": 273,
  "ua": 15790,
  "ug": 336,
  "uk": 62,
  "unknown": 637086,
  "uq": 1,
  "us": 98912,
  "uy": 459,
  "uz": 1113,
  "va": 4,
  "vc": 7,
  "ve": 4572,
  "vg": 2,
  "vi": 2,
  "viva": 1,
  "vn": 15045,
  "vu": 6,
  "ws": 5,
  "xk": 3,
  "xx": 1,
  "ye": 308,
  "yt": 2,
  "za": 2407,
  "zm": 484,
  "zr": 13,
  "zw": 322,
  "\u4e2d\u56fd\u79fb\u52a8": 1
}