{
  "01trbd-user 8.1.0 opm7.390695.256 nzgucvrk8l release-keys": 1,
  "0izgog-user 8.1.0 opm3.361202.916 ffbzjgc1we release-keys": 1,
  "0v7bbd-user 8.1.0 opm3.186694.473 woytwytohv release-keys": 1,
  "1ftgbd-user 8.1.0 opm2.693164.977 sdsfn0op81 release-keys": 1,
  "1yhqgp-user 8.1.0 opm1.680764.537 ncckec4uqy release-keys": 1,
  "21ix4o-user 8.1.0 opm4.044583.709 g6ntkhbnln release-keys": 1,
  "2odjjs-user 8.1.0 opm3.379818.169 ojhcdqksfk release-keys": 1,
  "2ogfph-user 8.1.0 opm3.222059.993 domoftfulr release-keys": 1,
  "39bujy-user 8.1.0 opm3.304826.045 uvsbdfmicu release-keys": 1,
  "3bp1x4-user 8.1.0 opm4.147193.637 htwu9tmh1k release-keys": 1,
  "3nquse-user 8.1.0 opm6.797462.783 ztealyzfee release-keys": 1,
  "3uclca-user 8.1.0 opm4.036627.431 kggpa5ns6w release-keys": 1,
  "45vnel-user 8.1.0 opm5.910517.173 hntwarb4vw release-keys": 1,
  "4a4mka-user 8.1.0 opm6.176882.249 tfooqofuhu release-keys": 1,
  "4gbtfm-user 8.1.0 opm3.687907.019 qu7ireoia6 release-keys": 1,
  "4ky83b-user 8.1.0 opm7.390558.619 bljgeegqvr release-keys": 1,
  "4ljaig-user 8.1.0 opm4.902937.806 qgjhb8ewgs release-keys": 1,
  "4tqptz-user 8.1.0 opm5.375542.215 wqphsn34wg release-keys": 1,
  "50vmmz-user 8.1.0 opm6.570300.663 mbfnw5dnnc release-keys": 1,
  "55ajyj-user 8.1.0 opm1.971804.386 3teuuj4qu8 release-keys": 1,
  "5mwkfn-user 8.1.0 opm1.930412.573 4jmbh7eb4y release-keys": 1,
  "5u9hzb-user 8.1.0 opm7.196681.240 wadjrr0jjv release-keys": 1,
  "5zizzs-user 8.1.0 opm7.155167.963 qufvrcbb1e release-keys": 1,
  "6pmguj-user 8.1.0 opm1.231955.367 qhcbdi8ibn release-keys": 1,
  "6yg7bx-user 8.1.0 opm1.112032.600 oar3ldecmf release-keys": 1,
  "7trawg-user 8.1.0 opm3.864935.114 7phqb4fksq release-keys": 1,
  "7w91jr-user 8.1.0 opm3.939567.727 apq0y5qta3 release-keys": 1,
  "7w9ymj-user 8.1.0 opm2.917675.697 2wjtunx5zl release-keys": 1,
  "8ggrdd-user 8.1.0 opm3.305651.622 4ogzhols8o release-keys": 1,
  "8tuzui-user 8.1.0 opm5.695469.177 v4wsmt7cx1 release-keys": 1,
  "8vzimi-user 8.1.0 opm3.468339.458 qp7bk9lxax release-keys": 1,
  "9vvkeg-user 8.1.0 opm4.386682.380 m2epjkzdeo release-keys": 1,
  "a1sbw1-user 8.1.0 opm1.778470.537 hvekcuydqs release-keys": 1,
  "a5cyti-user 8.1.0 opm4.852318.556 tmqwzgnftv release-keys": 1,
  "a6cl46-user 8.1.0 opm1.218514.236 ajxhndk5lm release-keys": 1,
  "a936-user 8.1.0 n2g49h ooc0thk303 release-keys": 1,
  "aenoox-user 8.1.0 opm4.865935.012 o6berl0qbn release-keys": 1,
  "anfz8c-user 8.1.0 opm6.702989.952 1ffnxxqdhb release-keys": 1,
  "aqnfqq-user 8.1.0 opm4.875157.551 qpsm3cb4dm release-keys": 1,
  "ar2dx7-user 8.1.0 opm7.683372.117 s7qgoxixry release-keys": 1,
  "avg2em-user 8.1.0 opm2.408573.645 lu7v05knju release-keys": 1,
  "b8s9au-user 8.1.0 opm2.799714.490 3q9r9becc3 release-keys": 1,
  "bo5qcl-user 8.1.0 opm7.912674.480 lxhhnt09gr release-keys": 1,
  "bpiybt-user 8.1.0 opm1.240094.779 iocpdndrnz release-keys": 1,
  "caapju-user 8.1.0 opm7.506549.210 5o5r3js2f6 release-keys": 1,
  "ccwa2a-user 8.1.0 opm4.308281.007 igo5akbyn8 release-keys": 1,
  "cizbrf-user 8.1.0 opm3.269906.206 ccmntm1isp release-keys": 1,
  "ckq9xy-user 8.1.0 opm6.322190.538 dxoze1auz9 release-keys": 1,
  "cwzurq-user 8.1.0 opm6.465742.150 fpakoyysur release-keys": 1,
  "d8qtlz-user 8.1.0 opm4.379532.821 xyzriroxhk release-keys": 1,
  "db7mhh-user 8.1.0 opm1.190299.301 kbtbfs440i release-keys": 1,
  "dn71mi-user 8.1.0 opm6.706274.670 xntg3he6sw release-keys": 1,
  "dsc6r4-user 8.1.0 opm1.247766.769 tciuodzifx release-keys": 1,
  "dvz9pw-user 8.1.0 opm2.412983.287 5ms5sveipk release-keys": 1,
  "e4j5b0-user 8.1.0 opm7.632302.111 0brpxetjls release-keys": 1,
  "ejrgkx-user 8.1.0 opm6.880673.883 r5ussd1ui1 release-keys": 1,
  "ev9gz7-user 8.1.0 opm5.748458.261 jrr5rmkyik release-keys": 1,
  "eva-userdebug 9 huaweieva m69qd5zqn0 test-keys": 1,
  "fib125-user 8.1.0 opm1.773858.383 gasxyeilfe release-keys": 1,
  "fluybw-user 8.1.0 opm6.364976.699 opaeyvq3ea release-keys": 1,
  "fmx5hv-user 8.1.0 opm2.414548.264 uiz695htyw release-keys": 1,
  "ftoshl-user 8.1.0 opm2.334810.904 rqaziilc1p release-keys": 1,
  "g621-userdebug 8.1.0 huaweig621 f26sagr843 test-keys": 2,
  "g750-user 8.1.0 huaweig750 b0m2p35uy2 test-keys": 1,
  "g8wcxv-user 8.1.0 opm2.551127.639 a50oqgiw8j release-keys": 1,
  "gh5s5f-user 8.1.0 opm3.375914.858 tpo5dtbuuv release-keys": 1,
  "gk6lfh-user 8.1.0 opm5.298132.909 8wf42ieaim release-keys": 1,
  "gr58v8-user 8.1.0 opm2.797215.968 wutnzzhmwu release-keys": 1,
  "gs2vjr-user 8.1.0 opm3.097999.719 um2wtece4j release-keys": 1,
  "gspqrj-user 8.1.0 opm5.175002.426 eignjxyevf release-keys": 1,
  "gsqvvl-user 8.1.0 opm5.495079.709 un4l4wlulz release-keys": 1,
  "gyzvaq-user 8.1.0 opm6.195595.922 wqvnduhvow release-keys": 1,
  "h9c4ba-user 8.1.0 opm4.429558.845 xd8jpv0xjw release-keys": 1,
  "hbpid9-user 8.1.0 opm3.269993.928 phacngyeft release-keys": 1,
  "hcekbf-user 8.1.0 opm4.355250.216 mpnuksw3fh release-keys": 1,
  "hffbho-user 8.1.0 opm6.682647.379 twtzr5gino release-keys": 1,
  "hfhehk-user 8.1.0 opm3.580472.522 uwuzsar4vf release-keys": 1,
  "hgugnp-user 8.1.0 opm7.720721.578 cxuvg1csef release-keys": 1,
  "hopl7t-user 8.1.0 opm2.306267.380 oigwxnbyfc release-keys": 1,
  "hvbp4s-user 8.1.0 opm6.865077.953 hf15jh6roa release-keys": 1,
  "i1uoso-user 8.1.0 opm6.575279.149 uhokvauc7p release-keys": 1,
  "ibuexc-user 8.1.0 opm5.543683.903 getb4lexoj release-keys": 1,
  "ich8uy-user 8.1.0 opm5.014986.144 wfmvtjt9lo release-keys": 1,
  "irm4s0-user 8.1.0 opm3.271666.907 zlmjj48uee release-keys": 1,
  "iub8qk-user 8.1.0 opm5.040609.358 vdxj6nvbcp release-keys": 1,
  "j0uld1-user 8.1.0 opm6.408577.792 95ek5tz8lh release-keys": 1,
  "jdosgr-user 8.1.0 opm3.664747.533 lgbenprojw release-keys": 1,
  "jeo7fm-user 8.1.0 opm1.950878.737 nbznablg3b release-keys": 1,
  "jf8xw2-user 8.1.0 opm2.811911.426 wemadr5ian release-keys": 1,
  "jgceem-user 8.1.0 opm1.367540.618 h9bbswaqgg release-keys": 1,
  "jply3b-user 8.1.0 opm3.998750.278 fm0lxs8mbt release-keys": 1,
  "jssg9a-user 8.1.0 opm7.346228.469 wp2sbsyfol release-keys": 1,
  "jv26z1-user 8.1.0 opm7.293519.663 pvy8ipsrja release-keys": 1,
  "jw5aci-user 8.1.0 opm7.579013.223 l7xn5mlq77 release-keys": 1,
  "k0sedl-user 8.1.0 opm4.058221.371 rriffh0wpc release-keys": 1,
  "k1hatt-user 8.1.0 opm7.957676.528 vzoatw0pkf release-keys": 1,
  "k21ifs-user 8.1.0 opm1.942377.442 m5xvogzsjd release-keys": 1,
  "k2ybm2-user 8.1.0 opm7.005052.548 6pd5ev3q9l release-keys": 1,
  "k91adw-user 8.1.0 opm4.343228.472 bdlinuwdxy release-keys": 1,
  "kllyhb-user 8.1.0 opm3.520410.357 6y3pjbfhwy release-keys": 1,
  "knt-userdebug 8.1.0 huaweiknt 9l893c35gh release-keys": 1,
  "krj8qj-user 8.1.0 opm2.489992.359 jbdnl6mlwo release-keys": 1,
  "kuhu2y-user 8.1.0 opm7.248143.345 yiccniqv2b release-keys": 1,
  "kxa636-user 8.1.0 opm6.320438.890 rmrxmpuoju release-keys": 1,
  "kzuhp3-user 8.1.0 opm5.968479.869 u028n6ikfw release-keys": 1,
  "ldn-al00-userdebug 8.0.0 huawei c7lr54t1q9 test-keys": 1,
  "lf9yxx-user 8.1.0 opm4.047750.391 xgiw94jnxm release-keys": 1,
  "liddgp-user 8.1.0 opm2.748162.957 c2q3tyoe9w release-keys": 1,
  "lineage_angler-userdebug 7.1.2 njh47f 06a9dd9c73 test-keys": 1,
  "lineage_angler-userdebug 7.1.2 njh47f 227d7df9a6 test-keys": 1,
  "lineage_cancro-userdebug 7.1.2 njh47f 2087af1c7e test-keys": 8,
  "lineage_gemini-userdebug 7.1.2 njh47f 8290c49eea test-keys": 10,
  "lineage_oneplus3-userdebug 7.1.2 njh47f 29cb878f25 test-keys": 22,
  "lineage_oneplus3-userdebug 7.1.2 njh47f 5230f7a486 test-keys": 1,
  "lineage_oneplus3-userdebug 7.1.2 njh47f 6f81abc406 test-keys": 340,
  "lineage_oneplus3-userdebug 7.1.2 njh47f 79dd66d91d test-keys": 22,
  "lineage_oneplus3-userdebug 7.1.2 njh47f 89e412ec28 test-keys": 5,
  "lineage_oneplus3-userdebug 7.1.2 njh47f 9289361e90 test-keys": 5,
  "lineage_oneplus3-userdebug 7.1.2 njh47f ae90a3aaf8 test-keys": 1,
  "lineage_oneplus3-userdebug 7.1.2 njh47f afaa8f884e test-keys": 1,
  "lineage_sagit-userdebug 7.1.2 njh47f 1a8bd3a18d test-keys": 92,