{
  "0.13-q-20201111": 1,
  "14.1-20200218-unofficial-pine": 1,
  "14.1-20200301-unofficial-pine": 1,
  "14.1-20200411-unofficial-pine": 3,
  "14.1-20200430-unofficial-pine": 1,
  "14.1-20201011-unofficial-pine": 1,
  "14.1-20201014-unofficial-pine": 2,
  "14.1-20201015-unofficial-pine": 2,
  "14.1-20201016-unofficial-pine": 2,
  "14.1-20201103-unofficial-pine": 1,
  "14.1-20201105-unofficial-pine": 11,
  "14.1-20201108-unofficial-pine": 2,
  "14.1-20201111-unofficial-pine": 1,
  "14.1-20201115-unofficial-pine": 1,
  "14.1-20201120-unofficial-pine": 1,
  "14.1-20201129-unofficial-pine": 1,
  "16.0-20191029-unofficial-pine": 3,
  "16.0-20191112-unofficial-pine": 4,
  "16.0-20200512-unofficial-pine": 38,
  "16.0-20200927-unofficial-pine": 1,
  "17.1-20200222-unofficial-pine": 20,
  "17.1-20200302-unofficial-pine": 697,
  "17.1-20200630-unofficial-pine": 120,
  "17.1-20200705-unofficial-pine": 550,
  "17.1-20200708-unofficial-pine": 2,
  "17.1-20200715-unofficial-tissot": 2218,
  "17.1-20200821-unofficial-z3": 1323,
  "17.1-20201114-unofficial-": 19,
  "18.0-20201017": 1,
  "built.with.erfangsi.tools": 1,
  "e/os-0.11-q-20200927": 1,
  "leos-0.11-q-20201115": 1,
  "los-16.0-17.10.2019": 21,
  "qq3a.200905.001": 1,
  "rros-8.6.4-pine": 1,
  "treble_a64_bvn-userdebug 10 qq3a.200905.001 eng.diust.20201121.031131 test-keys": 1,
  "treble_a64_bvn-userdebug 10 qq3a.200905.001 eng.igor.20201019.212804 test-keys": 3,
  "treble_arm64_bgn-userdebug 10 qq3a.200905.001 eng.diust.20201122.154631 test-keys": 7,
  "treble_arm64_bvn-userdebug 10 qq3a.200905.001 eng.diust.20201120.084731 test-keys": 29,
  "treble_arm64_bvn-userdebug 10 qq3a.200905.001 eng.diust.20201222.182702 test-keys": 7,
  "treble_arm64_bvn-userdebug 10 qq3a.200905.001 eng.igor.20200914.210059 test-keys": 12,
  "treble_arm64_bvn-userdebug 10 qq3a.200905.001 eng.igor.20201013.190840 test-keys": 4,
  "treble_arm64_bvn-userdebug 10 qq3a.200905.001 eng.igor.20201019.185735 test-keys": 6,
  "treble_arm64_bvn-userdebug 10 qq3a.200905.001 eng.igor.20201111.184406 test-keys": 11,
  "v.0.11-q": 1
}