{
  "14.1-20200218-unofficial-pine": 1,
  "14.1-20200301-unofficial-pine": 1,
  "14.1-20200411-unofficial-pine": 2,
  "14.1-20200430-unofficial-pine": 1,
  "14.1-20201011-unofficial-pine": 1,
  "14.1-20201014-unofficial-pine": 2,
  "14.1-20201015-unofficial-pine": 2,
  "14.1-20201016-unofficial-pine": 2,
  "14.1-20201103-unofficial-pine": 1,
  "14.1-20201105-unofficial-pine": 2,
  "16.0-20191029-unofficial-pine": 3,
  "16.0-20191112-unofficial-pine": 2,
  "16.0-20200512-unofficial-pine": 16,
  "16.0-20200927-unofficial-pine": 1,
  "17.1-20200222-unofficial-pine": 14,
  "17.1-20200302-unofficial-pine": 327,
  "17.1-20200630-unofficial-pine": 81,
  "17.1-20200705-unofficial-pine": 293,
  "17.1-20200708-unofficial-pine": 2,
  "17.1-20200821-unofficial-z3": 716,
  "18.0-20201017": 1,
  "built.with.erfangsi.tools": 1,
  "los-16.0-17.10.2019": 13,
  "treble_a64_bvn-userdebug 10 qq3a.200905.001 eng.igor.20201019.212804 test-keys": 1,
  "treble_arm64_bvn-userdebug 10 qq3a.200905.001 eng.igor.20200914.210059 test-keys": 11,
  "treble_arm64_bvn-userdebug 10 qq3a.200905.001 eng.igor.20201013.190840 test-keys": 4,
  "treble_arm64_bvn-userdebug 10 qq3a.200905.001 eng.igor.20201019.185735 test-keys": 3
}