{
  "14.1-20200218-unofficial-pine": 1,
  "14.1-20200411-unofficial-pine": 2,
  "14.1-20201011-unofficial-pine": 1,
  "14.1-20201014-unofficial-pine": 2,
  "14.1-20201015-unofficial-pine": 2,
  "14.1-20201016-unofficial-pine": 2,
  "16.0-20191112-unofficial-pine": 2,
  "16.0-20200512-unofficial-pine": 5,
  "16.0-20200927-unofficial-pine": 1,
  "17.1-20200222-unofficial-pine": 13,
  "17.1-20200302-unofficial-pine": 244,
  "17.1-20200630-unofficial-pine": 65,
  "17.1-20200705-unofficial-pine": 215,
  "17.1-20200708-unofficial-pine": 2,
  "17.1-20200821-unofficial-z3": 527,
  "built.with.erfangsi.tools": 1,
  "los-16.0-17.10.2019": 5,
  "treble_arm64_bvn-userdebug 10 qq3a.200905.001 eng.igor.20200914.210059 test-keys": 11,
  "treble_arm64_bvn-userdebug 10 qq3a.200905.001 eng.igor.20201013.190840 test-keys": 4,
  "treble_arm64_bvn-userdebug 10 qq3a.200905.001 eng.igor.20201019.185735 test-keys": 1
}