{
  "17.1-20200320-unofficial-rmx1931": 2,
  "17.1-20200328-unofficial-rmx1931": 1,
  "17.1-20200410-unofficial-hyper-rmx1931": 7,
  "17.1-20200612-unofficial-rmx1931": 4,
  "17.1-20200617-unofficial-rmx1931": 2,
  "17.1-20200620-unofficial-rmx1931": 7,
  "17.1-20200623-unofficial-rmx1931": 23,
  "17.1-20200715-unofficial-rmx1931": 11,
  "17.1-20200729-unofficial-rmx1931": 13,
  "17.1-20200804-unofficial-rmx1931": 69,
  "17.1-20200831-unofficial-rmx1931": 186,
  "17.1-20200912-unofficial-rmx1931": 95,
  "17.1-20200922-unofficial-rmx1931": 2,
  "17.1-20200925-unofficial-rmx1931": 700,
  "17.1-20201012-unofficial-rmx1931": 1,
  "17.1-20201015-unofficial-rmx1931": 492,
  "17.1-20201105-unofficial-rmx1931": 2,
  "17.1-20201106-unofficial-rmx1931": 1,
  "17.1-20201107-unofficial-rmx1931": 1,
  "17.1-20201110-unofficial-rmx1931": 3,
  "17.1-20201111-unofficial-rmx1931": 1,
  "17.1-20201112-unofficial-rmx1931": 72,
  "17.1-20201113-unofficial-rmx1931": 3,
  "17.1-20201114-unofficial-rmx1931": 2,
  "18.0-20201007-unofficial-rmx1931": 1,
  "18.0-20201008-unofficial-rmx1931": 2,
  "18.0-20201009-unofficial-rmx1931": 3,
  "18.0-20201012-unofficial-rmx1931": 7,
  "18.0-20201014-unofficial-rmx1931": 1,
  "18.0-20201015-unofficial-rmx1931": 1,
  "18.0-20201016-official-rmx1931": 1,
  "18.0-20201016-unofficial-rmx1931": 615,
  "18.0-20201107-unofficial-rmx1931": 1,
  "18.0-20201108-unofficial-rmx1931": 132,
  "18.0-20201109-unofficial-rmx1931": 1,
  "18.0-20201110-unofficial-rmx1931": 1,
  "rmx1931": 4,
  "rr_rmx1931-eng 10 qq3a.200905.001 eng.arno.20201020.074311 test-keys": 1,
  "rr_rmx1931-eng 10 qq3a.200905.001 eng.arno.20201021.035353 test-keys": 1,
  "rr_rmx1931-eng 10 qq3a.200905.001 eng.arno.20201102.120205 test-keys": 1,
  "rr_rmx1931-eng 10 qq3a.200905.001 eng.arno.20201109.100432 test-keys": 1,
  "rr_rmx1931-userdebug 10 qq3a.200905.001 16 test-keys": 16
}