{
  "17.1-20200320-unofficial-rmx1931": 2,
  "17.1-20200328-unofficial-rmx1931": 1,
  "17.1-20200410-unofficial-hyper-rmx1931": 11,
  "17.1-20200612-unofficial-rmx1931": 5,
  "17.1-20200617-unofficial-rmx1931": 3,
  "17.1-20200620-unofficial-rmx1931": 7,
  "17.1-20200623-unofficial-rmx1931": 30,
  "17.1-20200715-unofficial-rmx1931": 10,
  "17.1-20200729-unofficial-rmx1931": 13,
  "17.1-20200804-unofficial-rmx1931": 69,
  "17.1-20200831-unofficial-rmx1931": 188,
  "17.1-20200912-unofficial-rmx1931": 94,
  "17.1-20200922-unofficial-rmx1931": 2,
  "17.1-20200925-unofficial-rmx1931": 717,
  "17.1-20201012-unofficial-rmx1931": 1,
  "17.1-20201015-unofficial-rmx1931": 500,
  "17.1-20201105-unofficial-rmx1931": 2,
  "17.1-20201106-unofficial-rmx1931": 1,
  "17.1-20201107-unofficial-rmx1931": 1,
  "17.1-20201110-unofficial-rmx1931": 3,
  "17.1-20201111-unofficial-rmx1931": 1,
  "17.1-20201112-unofficial-rmx1931": 120,
  "17.1-20201113-unofficial-rmx1931": 2,
  "17.1-20201115-unofficial-rmx1931": 151,
  "17.1-20201118-unofficial-rmx1931": 1,
  "17.1-20201119-unofficial-rmx1931": 364,
  "17.1-20201122-unofficial-rmx1931": 1,
  "17.1-20201125-unofficial-rmx1931": 2,
  "17.1-20201205-unofficial-rmx1931": 1,
  "18.0-20201007-unofficial-rmx1931": 1,
  "18.0-20201008-unofficial-rmx1931": 2,
  "18.0-20201009-unofficial-rmx1931": 3,
  "18.0-20201012-unofficial-rmx1931": 7,
  "18.0-20201014-unofficial-rmx1931": 1,
  "18.0-20201015-unofficial-rmx1931": 1,
  "18.0-20201016-official-rmx1931": 1,
  "18.0-20201016-unofficial-rmx1931": 639,
  "18.0-20201107-unofficial-rmx1931": 1,
  "18.0-20201108-unofficial-rmx1931": 222,
  "18.0-20201109-unofficial-rmx1931": 1,
  "18.0-20201110-unofficial-rmx1931": 1,
  "18.0-20201122-unofficial-rmx1931": 1,
  "18.0-20201123-unofficial-rmx1931": 4,
  "18.0-20201125-unofficial-rmx1931": 58,
  "18.0-20201126-unofficial-rmx1931": 191,
  "18.0-20201201-unofficial-rmx1931": 1,
  "18.0-20201205-unofficial-rmx1931": 1,
  "rmx1931": 4,
  "rr_rmx1931-eng 10 qq3a.200905.001 eng.arno.20201020.074311 test-keys": 1,
  "rr_rmx1931-eng 10 qq3a.200905.001 eng.arno.20201021.035353 test-keys": 1,
  "rr_rmx1931-eng 10 qq3a.200905.001 eng.arno.20201102.120205 test-keys": 1,
  "rr_rmx1931-eng 10 qq3a.200905.001 eng.arno.20201109.100432 test-keys": 1,
  "rr_rmx1931-eng 10 qq3a.200905.001 eng.arno.20201116.143509 test-keys": 1,
  "rr_rmx1931-eng 10 qq3a.200905.001 eng.arno.20201203.081702 test-keys": 6,
  "rr_rmx1931-userdebug 10 qq3a.200905.001 16 test-keys": 16,
  "rr_rmx1931-userdebug 10 qq3a.200905.001 eng.arno.20201120.171051 test-keys": 1,
  "rr_rmx1931-userdebug 10 qq3a.200905.001 eng.arno.20201122.054922 test-keys": 1,
  "rr_rmx1931-userdebug 10 qq3a.200905.001 eng.arno.20201128.044454 test-keys": 2,
  "treble_arm64_bgn-userdebug 10 qq3a.200905.001 eng.diust.20201122.154631 test-keys": 1,
  "treble_arm64_bvn-userdebug 10 qq3a.200905.001 eng.igor.20201111.184406 test-keys": 2
}