{
  "17.1-20200320-unofficial-rmx1931": 2,
  "17.1-20200328-unofficial-rmx1931": 1,
  "17.1-20200410-unofficial-hyper-rmx1931": 6,
  "17.1-20200612-unofficial-rmx1931": 4,
  "17.1-20200617-unofficial-rmx1931": 2,
  "17.1-20200620-unofficial-rmx1931": 7,
  "17.1-20200623-unofficial-rmx1931": 21,
  "17.1-20200715-unofficial-rmx1931": 11,
  "17.1-20200729-unofficial-rmx1931": 13,
  "17.1-20200804-unofficial-rmx1931": 65,
  "17.1-20200831-unofficial-rmx1931": 177,
  "17.1-20200912-unofficial-rmx1931": 93,
  "17.1-20200922-unofficial-rmx1931": 2,
  "17.1-20200925-unofficial-rmx1931": 666,
  "17.1-20201012-unofficial-rmx1931": 1,
  "17.1-20201015-unofficial-rmx1931": 330,
  "18.0-20201007-unofficial-rmx1931": 1,
  "18.0-20201008-unofficial-rmx1931": 2,
  "18.0-20201009-unofficial-rmx1931": 3,
  "18.0-20201012-unofficial-rmx1931": 7,
  "18.0-20201014-unofficial-rmx1931": 1,
  "18.0-20201015-unofficial-rmx1931": 1,
  "18.0-20201016-official-rmx1931": 1,
  "18.0-20201016-unofficial-rmx1931": 472,
  "rmx1931": 4,
  "rr_rmx1931-eng 10 qq3a.200905.001 eng.arno.20201020.074311 test-keys": 1,
  "rr_rmx1931-eng 10 qq3a.200905.001 eng.arno.20201021.035353 test-keys": 1,
  "rr_rmx1931-userdebug 10 qq3a.200905.001 16 test-keys": 11
}