{
  "15.1-20190401-unofficial-ss2": 9,
  "15.1-20191125-unofficial-ss2": 2,
  "16.0-20190420-unofficial-ss2": 34,
  "17.0-20191011-unofficial-ss2": 1,
  "17.0-20191103-unofficial-ss2": 2,
  "17.0-20191106-unofficial-ss2": 1,
  "17.0-20191117-unofficial-ss2": 1,
  "17.0-20191128-unofficial-ss2": 3,
  "17.0-20191204-unofficial-ss2": 1,
  "17.0-20191214-unofficial-ss2": 1,
  "17.0-20191225-unofficial-ss2": 6,
  "17.0-20200105-unofficial-ss2": 9,
  "17.1-20200108-unofficial-ss2": 2,
  "17.1-20200116-unofficial-ss2": 8,
  "17.1-20200128-unofficial-ss2": 2,
  "17.1-20200204-unofficial-ss2": 11,
  "17.1-20200209-unofficial-ss2": 3,
  "17.1-20200216-unofficial-ss2": 4,
  "17.1-20200223-unofficial-ss2": 2,
  "17.1-20200225-unofficial-ss2": 32,
  "17.1-20200322-unofficial-ss2": 2,
  "17.1-20200403-unofficial-ss2": 8,
  "17.1-20200405-unofficial-ss2": 1,
  "17.1-20200408-unofficial-ss2": 1,
  "17.1-20200409-unofficial-ss2": 6,
  "17.1-20200413-unofficial-ss2": 4,
  "17.1-20200422-unofficial-ss2": 1,
  "17.1-20200426-unofficial-ss2": 2,
  "17.1-20200503-unofficial-ss2": 3,
  "17.1-20200513-unofficial-ss2": 6,
  "17.1-20200531-unofficial-ss2": 11,
  "17.1-20200610-unofficial-ss2": 1,
  "17.1-20200612-unofficial-ss2": 82,
  "17.1-20200705-unofficial-ss2": 8,
  "17.1-20200720-unofficial-ss2": 10,
  "17.1-20200724-unofficial-ss2": 5,
  "17.1-20200802-unofficial-ss2": 6,
  "17.1-20200803-unofficial-ss2": 1,
  "17.1-20200807-unofficial-ss2": 29,
  "17.1-20200808-unofficial-ss2": 2,
  "17.1-20200821-unofficial-ss2": 6,
  "17.1-20200823-unofficial-ss2": 2,
  "17.1-20200828-unofficial-ss2": 16,
  "17.1-20200829-unofficial-ss2": 1,
  "17.1-20200902-unofficial": 5,
  "17.1-20200902-unofficial-ss2": 456,
  "17.1-20200907-unofficial-ss2": 1,
  "17.1-20200930-unofficial-ss2": 1,
  "17.1-20201001-unofficial-ss2": 1,
  "17.1-20201002-unofficial-ss2": 2,
  "17.1-20201006-unofficial-ss2": 1,
  "17.1-20201112-unofficial-ss2": 2,
  "17.1-20201202-unofficial-ss2": 4,
  "18.0-20201010-unofficial-ss2": 66,
  "18.0-20201019-unofficial-ss2": 4,
  "18.0-20201113-unofficial-ss2": 15,
  "lya-al00l-user 7.1.2huaweilya-al00l 2st07l58ul release-keys": 1,
  "msm8937_32-user 7.1.2honordli-tl20 a7806149cl release-keys": 1,
  "pro7s-user 7.1.2nrd90m xmow7q56bt release-keys": 1,
  "sat-user 7.1.2opr1.170623.027 01fr72bubd release-keys": 1,
  "sat-user 7.1.2opr1.170623.027 0fgche13rk release-keys": 1,
  "sat-user 7.1.2opr1.170623.027 0xq1fgz61m release-keys": 1,
  "sat-user 7.1.2opr1.170623.027 1377jb10wn release-keys": 1,
  "sat-user 7.1.2opr1.170623.027 172efjzv8o release-keys": 1,
  "sat-user 7.1.2opr1.170623.027 192xhc2331 release-keys": 1,
  "sat-user 7.1.2opr1.170623.027 1t0uor5671 release-keys": 1,
  "sat-user 7.1.2opr1.170623.027 1xs15mn930 release-keys": 1,
  "sat-user 7.1.2opr1.170623.027 2589k8897f release-keys": 1,
  "sat-user 7.1.2opr1.170623.027 2l6s1yg8u8 release-keys": 1,
  "sat-user 7.1.2opr1.170623.027 2v796fk7i5 release-keys": 1,
  "sat-user 7.1.2opr1.170623.027 3111gabzh8 release-keys": 1,
  "sat-user 7.1.2opr1.170623.027 35pfuaxti3 release-keys": 1,
  "sat-user 7.1.2opr1.170623.027 373l5n9a1p release-keys": 1,
  "sat-user 7.1.2opr1.170623.027 3868ju2u1n release-keys": 1,
  "sat-user 7.1.2opr1.170623.027 389qqn3akb release-keys": 1,
  "sat-user 7.1.2opr1.170623.027 3vl6a383i6 release-keys": 1,
  "sat-user 7.1.2opr1.170623.027 4re7737j5r release-keys": 1,
  "sat-user 7.1.2opr1.170623.027 4u0pb196f5 release-keys": 1,
  "sat-user 7.1.2opr1.170623.027 5676bgrx4i release-keys": 1,
  "sat-user 7.1.2opr1.170623.027 56b97n5t34 release-keys": 1,
  "sat-user 7.1.2opr1.170623.027 574f8g6g66 release-keys": 1,
  "sat-user 7.1.2opr1.170623.027 574s37rpl5 release-keys": 1,
  "sat-user 7.1.2opr1.170623.027 5955746tpw release-keys": 1,
  "sat-user 7.1.2opr1.170623.027 5q7upib5q4 release-keys": 1,
  "sat-user 7.1.2opr1.170623.027 6b7c290d64 release-keys": 1,
  "sat-user 7.1.2opr1.170623.027 6ou7fv1z1s release-keys": 1,
  "sat-user 7.1.2opr1.170623.027 71ky4709sz release-keys": 1,
  "sat-user 7.1.2opr1.170623.027 74c2wr2xr2 release-keys": 1,
  "sat-user 7.1.2opr1.170623.027 7h394hw9av release-keys": 1,
  "sat-user 7.1.2opr1.170623.027 7j0s7992rh release-keys": 1,
  "sat-user 7.1.2opr1.170623.027 7ks4w33650 release-keys": 1,
  "sat-user 7.1.2opr1.170623.027 7us5f1c74y release-keys": 1,
  "sat-user 7.1.2opr1.170623.027 807lx95s94 release-keys": 1,
  "sat-user 7.1.2opr1.170623.027 87py044056 release-keys": 1,
  "sat-user 7.1.2opr1.170623.027 8d3sba70th release-keys": 1,
  "sat-user 7.1.2opr1.170623.027 8ft70ktpgc release-keys": 1,
  "sat-user 7.1.2opr1.170623.027 8o66i2er6p release-keys": 1,
  "sat-user 7.1.2opr1.170623.027 8p5ai04yc8 release-keys": 1,
  "sat-user 7.1.2opr1.170623.027 8yx06kl9cp release-keys": 1,
  "sat-user 7.1.2opr1.170623.027 904417ywaz release-keys": 1,
  "sat-user 7.1.2opr1.170623.027 958319v304 release-keys": 1,
  "sat-user 7.1.2opr1.170623.027 97olqizse5 release-keys": 1,
  "sat-user 7.1.2opr1.170623.027 9p341qc929 release-keys": 1,
  "sat-user 7.1.2opr1.170623.027 9ui011464i release-keys": 1,
  "sat-user 7.1.2opr1.170623.027 9v84ya68n7 release-keys": 1,
  "sat-user 7.1.2opr1.170623.027 9x729vk07y release-keys": 1,
  "sat-user 7.1.2opr1.170623.027 a735y1050o release-keys": 1,
  "sat-user 7.1.2opr1.170623.027 a7j9jrd1td release-keys": 1,
  "sat-user 7.1.2opr1.170623.027 c07kvz279o release-keys": 1,
  "sat-user 7.1.2opr1.170623.027 c75h48f102 release-keys": 1,
  "sat-user 7.1.2opr1.170623.027 ch9412x5a7 release-keys": 1,
  "sat-user 7.1.2opr1.170623.027 cojej3by82 release-keys": 1,
  "sat-user 7.1.2opr1.170623.027 cxy22kab91 release-keys": 1,
  "sat-user 7.1.2opr1.170623.027 d05t9qn3b9 release-keys": 1,
  "sat-user 7.1.2opr1.170623.027 f4m9w0vls9 release-keys": 1,
  "sat-user 7.1.2opr1.170623.027 f4q412975d release-keys": 1,
  "sat-user 7.1.2opr1.170623.027 fcx119hel2 release-keys": 1,
  "sat-user 7.1.2opr1.170623.027 fk7f896tz7 release-keys": 1,
  "sat-user 7.1.2opr1.170623.027 g1mi7uao4n release-keys": 1,
  "sat-user 7.1.2opr1.170623.027 gr06n08u41 release-keys": 1,
  "sat-user 7.1.2opr1.170623.027 is8i7rg89w release-keys": 1,
  "sat-user 7.1.2opr1.170623.027 j52j99f539 release-keys": 1,
  "sat-user 7.1.2opr1.170623.027 ja8v17f05u release-keys": 1,
  "sat-user 7.1.2opr1.170623.027 jux4428a9x release-keys": 1,
  "sat-user 7.1.2opr1.170623.027 jw30047b6t release-keys": 1,
  "sat-user 7.1.2opr1.170623.027 k121dk3qjj release-keys": 1,
  "sat-user 7.1.2opr1.170623.027 k3bne9moxl release-keys": 1,
  "sat-user 7.1.2opr1.170623.027 k48pla2y6u release-keys": 1,
  "sat-user 7.1.2opr1.170623.027 l1949j0r44 release-keys": 1,
  "sat-user 7.1.2opr1.170623.027 l3t35h836q release-keys": 1,
  "sat-user 7.1.2opr1.170623.027 ley8we1s70 release-keys": 1,
  "sat-user 7.1.2opr1.170623.027 lo6dyvzs0k release-keys": 1,
  "sat-user 7.1.2opr1.170623.027 lp4jghc5i0 release-keys": 1,
  "sat-user 7.1.2opr1.170623.027 m4jy2f3xdu release-keys": 1,
  "sat-user 7.1.2opr1.170623.027 mrk76a5r8a release-keys": 1,
  "sat-user 7.1.2opr1.170623.027 n92ql7z419 release-keys": 1,
  "sat-user 7.1.2opr1.170623.027 noo16uoaq2 release-keys": 1,
  "sat-user 7.1.2opr1.170623.027 o2je06pbbq release-keys": 1,
  "sat-user 7.1.2opr1.170623.027 o4473nd337 release-keys": 1,
  "sat-user 7.1.2opr1.170623.027 ojx6aw74t1 release-keys": 1,
  "sat-user 7.1.2opr1.170623.027 omfm99667s release-keys": 1,
  "sat-user 7.1.2opr1.170623.027 omsqdn0t0a release-keys": 1,
  "sat-user 7.1.2opr1.170623.027 p0e8773l24 release-keys": 1,
  "sat-user 7.1.2opr1.170623.027 qgys437drl release-keys": 1,
  "sat-user 7.1.2opr1.170623.027 ra042g3j09 release-keys": 1,
  "sat-user 7.1.2opr1.170623.027 rjg383ha68 release-keys": 1,
  "sat-user 7.1.2opr1.170623.027 rm5k958x4g release-keys": 1,
  "sat-user 7.1.2opr1.170623.027 rwkuas47b4 release-keys": 1,
  "sat-user 7.1.2opr1.170623.027 s4rsap3nnw release-keys": 1,
  "sat-user 7.1.2opr1.170623.027 s77w702t7q release-keys": 1,
  "sat-user 7.1.2opr1.170623.027 t2l1631040 release-keys": 2,