{
  "14.1-20170828-nightly-j5nlte": 22,
  "14.1-20170911-nightly-j5nlte": 5,
  "14.1-20170916-nightly-j5nlte": 69,
  "14.1-20171119-nightly-j5nlte": 6,
  "14.1-20171120-nightly-j5nlte": 271,
  "15.1-20180314-nightly-j5nlte": 1,
  "15.1-20180316-nightly-j5nlte": 3,
  "15.1-20180320-nightly-j5nlte": 1,
  "15.1-20180326-nightly-j5nlte": 4,
  "15.1-20180411-nightly-j5nlte": 5,
  "15.1-20180422-nightly-j5nlte": 13,
  "15.1-20180425-nightly-j5nlte": 1,
  "15.1-20180427-nightly-j5nlte": 15,
  "15.1-20180523-nightly-j5nlte": 1,
  "15.1-20180525-nightly-j5nlte": 9,
  "15.1-20180602-nightly-j5nlte": 4,
  "15.1-20180613-nightly-j5nlte": 1,
  "15.1-20180623-nightly-j5nlte": 3,
  "15.1-20180624-nightly-j5nlte": 34,
  "15.1-20180726-nightly-j5nlte": 30,
  "15.1-20180803-nightly-j5nlte": 12,
  "15.1-20180811-nightly-j5nlte": 21,
  "15.1-20180903-nightly-j5nlte": 7,
  "15.1-20180922-nightly-j5nlte": 13,
  "15.1-20181011-nightly-j5nlte": 33,
  "15.1-20190101-nightly-j5nlte": 162,
  "16.0-20181006-nightly-j5nlte": 20,
  "16.0-20181015-nightly-j5nlte": 23,
  "16.0-20181117-nightly-j5nlte": 44,
  "16.0-20181118-nightly-j5nlte": 4,
  "16.0-20190102-nightly-j5nlte": 429,
  "16.0-20190603-unofficial-j5nlte": 2,
  "16.0-20190607-unofficial-j5nlte": 5,
  "16.0-20190610-unofficial-j5nlte": 1,
  "16.0-20190613-unofficial-j5nlte": 1,
  "16.0-20190617-unofficial-j5nlte": 4,
  "16.0-20190629-unofficial-j5nlte": 4,
  "16.0-20190703-unofficial-j5nlte": 1,
  "16.0-20190706-unofficial-j5nlte": 1,
  "aosp_j5nlte-userdebug 9 pq3a.190505.002 eng.esrom.20190522.164517 test-keys": 22,
  "aosp_j5nlte-userdebug 9 pq3a.190505.002 eng.esrom.20190530.095244 test-keys": 38,
  "aosp_j5nlte-userdebug 9 pq3a.190605.003 eng.esrom.20190703.172725 test-keys": 19
}