{
  "14.1-20170828-nightly-j5nlte": 14,
  "14.1-20170911-nightly-j5nlte": 2,
  "14.1-20170916-nightly-j5nlte": 57,
  "14.1-20171119-nightly-j5nlte": 2,
  "14.1-20171120-nightly-j5nlte": 177,
  "15.1-20180314-nightly-j5nlte": 1,
  "15.1-20180320-nightly-j5nlte": 1,
  "15.1-20180326-nightly-j5nlte": 5,
  "15.1-20180410-nightly-j5nlte": 1,
  "15.1-20180411-nightly-j5nlte": 5,
  "15.1-20180422-nightly-j5nlte": 5,
  "15.1-20180427-nightly-j5nlte": 8,
  "15.1-20180521-nightly-j5nlte": 1,
  "15.1-20180523-nightly-j5nlte": 1,
  "15.1-20180525-nightly-j5nlte": 7,
  "15.1-20180602-nightly-j5nlte": 3,
  "15.1-20180623-nightly-j5nlte": 3,
  "15.1-20180624-nightly-j5nlte": 21,
  "15.1-20180726-nightly-j5nlte": 7,
  "15.1-20180803-nightly-j5nlte": 7,
  "15.1-20180811-nightly-j5nlte": 9,
  "15.1-20180903-nightly-j5nlte": 4,
  "15.1-20180922-nightly-j5nlte": 3,
  "15.1-20181011-nightly-j5nlte": 64,
  "15.1-20190101-nightly-j5nlte": 136,
  "16.0-20181006-nightly-j5nlte": 4,
  "16.0-20181015-nightly-j5nlte": 7,
  "16.0-20181117-nightly-j5nlte": 56,
  "16.0-20181118-nightly-j5nlte": 1,
  "16.0-20190102-nightly-j5nlte": 178,
  "16.0-20190813-unofficial-j5nlte": 4,
  "16.0-20190814-nightly-j5nlte": 116,
  "16.0-20190930-nightly-j5nlte": 132,
  "16.0-20191008-nightly-j5nlte": 39,
  "16.0-20191016-unofficial-j5nlte": 6,
  "16.0-20191113-unofficial-j5nlte": 1,
  "16.0-20191212-unofficial-j5nlte": 3,
  "16.0-20191227-nightly-j5nlte": 217,
  "16.0-20200117-unofficial-j5nlte": 2,
  "16.0-20200120-unofficial-j5nlte": 1,
  "16.0-20200125-unofficial-j5nlte": 1,
  "17.0-20200119-unofficial-j5nlte": 1,
  "17.1-20200120-unofficial-j5nlte": 8,
  "17.1-20200121-unofficial-j5nlte": 111,
  "aosp_j5nlte-userdebug 9 pq3a.190505.002 eng.esrom.20190522.164517 test-keys": 1,
  "aosp_j5nlte-userdebug 9 pq3a.190505.002 eng.esrom.20190530.095244 test-keys": 3,
  "aosp_j5nlte-userdebug 9 pq3a.190605.003 eng.esrom.20190703.172725 test-keys": 21
}