{
  "14.1-20170828-nightly-j5nlte": 23,
  "14.1-20170911-nightly-j5nlte": 5,
  "14.1-20170916-nightly-j5nlte": 77,
  "14.1-20171119-nightly-j5nlte": 6,
  "14.1-20171120-nightly-j5nlte": 294,
  "15.1-20180314-nightly-j5nlte": 1,
  "15.1-20180316-nightly-j5nlte": 3,
  "15.1-20180317-nightly-j5nlte": 1,
  "15.1-20180320-nightly-j5nlte": 2,
  "15.1-20180326-nightly-j5nlte": 7,
  "15.1-20180404-nightly-j5nlte": 1,
  "15.1-20180410-nightly-j5nlte": 1,
  "15.1-20180411-nightly-j5nlte": 5,
  "15.1-20180422-nightly-j5nlte": 9,
  "15.1-20180425-nightly-j5nlte": 1,
  "15.1-20180427-nightly-j5nlte": 16,
  "15.1-20180520-nightly-j5nlte": 1,
  "15.1-20180523-nightly-j5nlte": 1,
  "15.1-20180525-nightly-j5nlte": 10,
  "15.1-20180602-nightly-j5nlte": 5,
  "15.1-20180613-nightly-j5nlte": 1,
  "15.1-20180623-nightly-j5nlte": 5,
  "15.1-20180624-nightly-j5nlte": 44,
  "15.1-20180726-nightly-j5nlte": 38,
  "15.1-20180803-nightly-j5nlte": 12,
  "15.1-20180811-nightly-j5nlte": 21,
  "15.1-20180903-nightly-j5nlte": 13,
  "15.1-20180922-nightly-j5nlte": 17,
  "15.1-20181011-nightly-j5nlte": 32,
  "15.1-20190101-nightly-j5nlte": 181,
  "16.0-20181006-nightly-j5nlte": 35,
  "16.0-20181015-nightly-j5nlte": 24,
  "16.0-20181117-nightly-j5nlte": 44,
  "16.0-20181118-nightly-j5nlte": 6,
  "16.0-20190102-nightly-j5nlte": 473,
  "16.0-20190320-unofficial-j5nlte": 1,
  "16.0-20190603-unofficial-j5nlte": 1,
  "aosp_j5nlte-userdebug 9 pq3a.190505.002 eng.esrom.20190522.164517 test-keys": 21,
  "aosp_j5nlte-userdebug 9 pq3a.190505.002 eng.esrom.20190530.095244 test-keys": 13
}