{
  "0.12-q-20201010-unofficial-j5nlte": 4,
  "14.1-20170828-nightly-j5nlte": 11,
  "14.1-20170911-nightly-j5nlte": 2,
  "14.1-20170916-nightly-j5nlte": 37,
  "14.1-20171119-nightly-j5nlte": 5,
  "14.1-20171120-nightly-j5nlte": 105,
  "15.1-20180212-nightly-j5nlte": 3,
  "15.1-20180316-nightly-j5nlte": 1,
  "15.1-20180320-nightly-j5nlte": 1,
  "15.1-20180326-nightly-j5nlte": 1,
  "15.1-20180404-nightly-j5nlte": 2,
  "15.1-20180411-nightly-j5nlte": 3,
  "15.1-20180422-nightly-j5nlte": 5,
  "15.1-20180427-nightly-j5nlte": 5,
  "15.1-20180521-nightly-j5nlte": 1,
  "15.1-20180523-nightly-j5nlte": 1,
  "15.1-20180525-nightly-j5nlte": 4,
  "15.1-20180623-nightly-j5nlte": 1,
  "15.1-20180624-nightly-j5nlte": 12,
  "15.1-20180726-nightly-j5nlte": 8,
  "15.1-20180803-nightly-j5nlte": 4,
  "15.1-20180811-nightly-j5nlte": 7,
  "15.1-20180903-nightly-j5nlte": 1,
  "15.1-20180922-nightly-j5nlte": 5,
  "15.1-20181011-nightly-j5nlte": 24,
  "15.1-20190101-nightly-j5nlte": 70,
  "15.1-20201128-unofficial-herolte": 1,
  "16.0-20181006-nightly-j5nlte": 4,
  "16.0-20181015-nightly-j5nlte": 5,
  "16.0-20181117-nightly-j5nlte": 22,
  "16.0-20190102-nightly-j5nlte": 72,
  "16.0-20190814-nightly-j5nlte": 41,
  "16.0-20190930-nightly-j5nlte": 24,
  "16.0-20191008-nightly-j5nlte": 7,
  "16.0-20191016-unofficial-j5nlte": 1,
  "16.0-20191227-nightly-j5nlte": 139,
  "17.1-20200121-unofficial-j5nlte": 7,
  "17.1-20200316-unofficial-j5nlte": 8,
  "17.1-20200407-unofficial-j5nlte": 191,
  "17.1-20200617-nightly-j5nlte": 1,
  "17.1-20200618-nightly-j5nlte": 21,
  "17.1-20200715-unofficial-tissot": 2,
  "17.1-20200716-unofficial-herolte": 3,
  "17.1-20200719-nightly-j5nlte": 26,
  "17.1-20200806-unofficial-j5nlte": 1,
  "17.1-20200821-unofficial-z3": 13,
  "17.1-20200826-nightly-j5nlte": 291,
  "17.1-20201113-unofficial-tissot": 1,
  "18.0-20201117-unofficial-j5nlte": 20,
  "aosp_j5nlte-userdebug 9 pq3a.190505.002 eng.esrom.20190530.095244 test-keys": 3,
  "aosp_j5nlte-userdebug 9 pq3a.190605.003 eng.esrom.20190703.172725 test-keys": 7
}