{
  "14.1-20170828-nightly-j5nlte": 12,
  "14.1-20170911-nightly-j5nlte": 3,
  "14.1-20170916-nightly-j5nlte": 58,
  "14.1-20171119-nightly-j5nlte": 1,
  "14.1-20171120-nightly-j5nlte": 160,
  "15.1-20180212-nightly-j5nlte": 1,
  "15.1-20180314-nightly-j5nlte": 1,
  "15.1-20180320-nightly-j5nlte": 1,
  "15.1-20180326-nightly-j5nlte": 4,
  "15.1-20180410-nightly-j5nlte": 1,
  "15.1-20180411-nightly-j5nlte": 5,
  "15.1-20180422-nightly-j5nlte": 5,
  "15.1-20180427-nightly-j5nlte": 8,
  "15.1-20180509-unofficial-j5nlte": 1,
  "15.1-20180521-nightly-j5nlte": 1,
  "15.1-20180523-nightly-j5nlte": 1,
  "15.1-20180525-nightly-j5nlte": 7,
  "15.1-20180602-nightly-j5nlte": 3,
  "15.1-20180623-nightly-j5nlte": 4,
  "15.1-20180624-nightly-j5nlte": 24,
  "15.1-20180726-nightly-j5nlte": 10,
  "15.1-20180803-nightly-j5nlte": 4,
  "15.1-20180811-nightly-j5nlte": 8,
  "15.1-20180903-nightly-j5nlte": 1,
  "15.1-20180922-nightly-j5nlte": 2,
  "15.1-20181011-nightly-j5nlte": 64,
  "15.1-20190101-nightly-j5nlte": 134,
  "16.0-20181006-nightly-j5nlte": 3,
  "16.0-20181015-nightly-j5nlte": 8,
  "16.0-20181117-nightly-j5nlte": 51,
  "16.0-20181118-nightly-j5nlte": 2,
  "16.0-20190102-nightly-j5nlte": 172,
  "16.0-20190813-unofficial-j5nlte": 4,
  "16.0-20190814-nightly-j5nlte": 101,
  "16.0-20190930-nightly-j5nlte": 86,
  "16.0-20191008-nightly-j5nlte": 13,
  "16.0-20191016-unofficial-j5nlte": 1,
  "16.0-20191212-unofficial-j5nlte": 2,
  "16.0-20191227-nightly-j5nlte": 286,
  "16.0-20200117-unofficial-j5nlte": 3,
  "16.0-20200120-unofficial-j5nlte": 1,
  "16.0-20200125-unofficial-j5nlte": 1,
  "16.0-20200229-unofficial-j5nlte": 1,
  "17.0-20200119-unofficial-j5nlte": 1,
  "17.1-20200120-unofficial-j5nlte": 8,
  "17.1-20200121-unofficial-j5nlte": 153,
  "17.1-20200316-unofficial-j5nlte": 34,
  "aosp_j5nlte-userdebug 9 pq3a.190505.002 eng.esrom.20190522.164517 test-keys": 1,
  "aosp_j5nlte-userdebug 9 pq3a.190505.002 eng.esrom.20190530.095244 test-keys": 1,
  "aosp_j5nlte-userdebug 9 pq3a.190605.003 eng.esrom.20190703.172725 test-keys": 27
}