{
  "16.0-20190218-unofficial-x00t": 1,
  "16.0-20190313-unofficial-x00t": 1,
  "16.0-20190318-unofficial-x00t": 2,
  "16.0-20190415-unofficial-x00t": 1,
  "16.0-20190605-unofficial-x00t": 1,
  "16.0-20190817-unofficial-x00t": 3,
  "16.0-20190912-unofficial-x00t": 1,
  "17.0-20191027-unofficial-x00t": 4,
  "17.0-20191209-unofficial-x00t": 1,
  "17.0-20200108-unofficial-x00t": 1,
  "17.1-20200111-unofficial-x00t": 1,
  "17.1-20200120-unofficial-x00t": 1,
  "17.1-20200219-homemade-x00t": 1,
  "17.1-20200223-unofficial-x00t": 2,
  "17.1-20200409-unofficial-x00t": 1,
  "17.1-20200411-unofficial-x00t": 3,
  "17.1-20200413-unofficial-x00t": 1,
  "17.1-20200516-unofficial-x00t": 1,
  "17.1-20200518-unofficial-x00t": 1,
  "17.1-20200612-unofficial-x00t": 2,
  "17.1-20200715-unofficial-x00t": 1,
  "17.1-20200718-milktea-x00t": 3,
  "17.1-20200801-unofficial-x00t": 1,
  "17.1-20200815-milktea-x00t": 518,
  "17.1-20200923-unofficial-x00t": 39,
  "17.1-20201007-unofficial-x00t": 1,
  "17.1-20201013-unofficial-x00t": 1,
  "17.1-20201014-milktea-x00t": 56,
  "17.1-20201014-unofficial-x00t": 10,
  "3.r": 1,
  "built.with.erfangsi.tools": 3,
  "lineage_x00t-userdebug 10 qq2a.200405.005 eng.shanu.20200511.095121 test-keys": 24,
  "lineage_x00t-userdebug 10 qq2a.200405.005 eng.sujit.20200414.040825 test-keys": 1,
  "lineage_x00t-userdebug 10 qq3a.200605.001 eng.shanu.20200625.095200 test-keys": 94,
  "lineage_x00t-userdebug 11 rp1a.200720.009 eng.shen.20200928.174324 test-keys": 3,
  "malluos-1.3-chicken-20201001-x00t-unofficial": 31,
  "malluos-1.3-chicken-20201003-x00t-unofficial": 11,
  "qq2a.200405.005": 1,
  "qq3a.200605.001": 8,
  "qq3a.200705.002": 5,
  "qq3a.200805.001": 459,
  "rr_x00t-userdebug 10 qp1a.191105.004 eng.root.20200331.065536 test-keys": 9
}