{
  "1.0-20200821-nightly-sakura": 1,
  "10.0-20201101-unofficial-snapshot-sakura": 14,
  "15.1-20181231-unofficial-sakura": 147,
  "15.1-20191013-unofficial-mido": 1,
  "16.0-20190130-unofficial-sakura": 21,
  "16.0-20190308-unofficial-sakura": 4,
  "16.0-20190316-unofficial-sakura": 1,
  "16.0-20190408-unofficial-sakura": 29,
  "16.0-20190409-unofficial-sakura": 50,
  "16.0-20201003-unofficial-sakura": 1,
  "16.0-20201005-unofficial-sakura": 1,
  "16.0-20201006-unofficial-sakura": 2,
  "16.0-20201008-unofficial-sakura": 3,
  "16.0-20201010-unofficial-sakura": 1,
  "16.0-20201011-unofficial-sakura": 2,
  "16.0-20201012-unofficial-sakura": 1,
  "16.0-20201013-unofficial-sakura": 1,
  "16.0-20201014-unofficial-sakura": 1,
  "16.0-20201017-unofficial-sakura": 1,
  "16.0-20201018-unofficial-sakura": 4,
  "16.0-20201027-unofficial-sakura": 6,
  "16.0-20201030-unofficial-sakura": 2,
  "16.0-20201101-unofficial-sakura": 1,
  "16.0-20201109-unofficial-sakura": 1,
  "16.0-20201225-unofficial-sakura": 1,
  "17.0-20191221-unofficial-sakura": 1,
  "17.0-20200118-unofficial-sakura": 108,
  "17.1-20200118-unofficial-sakura": 16,
  "17.1-20200508-unofficial-sakura": 121,
  "17.1-20200821-unofficial-z3": 1,
  "17.1-20200902-unofficial-sakura": 1,
  "17.1-20200903-unofficial-sakura": 9,
  "17.1-20200910-unofficial-sakura": 1,
  "17.1-20200922-unofficial-sakura": 5,
  "17.1-20201018-unofficial-sakura": 10,
  "17.1-20201118-unofficial-sakura": 1,
  "17.1-20201120-unofficial-sakura": 2,
  "17.1-20201122-official-sakura": 2,
  "17.1-20201125-unofficial-sakura": 1,
  "17.1-20201126-unofficial-sakura": 1,
  "17.1-20201127-unofficial-sakura": 1,
  "17.1-20201205-unofficial-sakura": 5,
  "17.1-20201214-unofficial-sakura": 2,
  "17.1-20201224-unofficial-sakura": 2,
  "17.1-20201229-unofficial-sakura": 1,
  "18.0-20201025-unofficial-sakura": 1,
  "18.0-20201026-unofficial-sakura": 160,
  "2.0-20201101-unofficial-sakura": 1,
  "2.0-20201115-unofficial-sakura": 4,
  "3.r": 27,
  "4.r": 43,
  "helium-user 7.1.2nrd90m 440w93w7jn release-keys": 1,
  "knt-al10-user 7.1.2huaweiknt-al10 gbh74i84y1 release-keys": 1,
  "lineageos-sakura": 11,
  "lld-al20-user 7.1.2honorlld-al20 sb2wp6il78 release-keys": 1,
  "m6note-user 7.1.2n2g47h rv32482p9p release-keys": 1,
  "pd1806-user 7.1.2opm1.171019.026 6947w4dv50 release-keys": 1,
  "qq3a.200805.001": 46,
  "sakura-user 7.1.2pkq1.180917.001 034kg12sfn release-keys": 1,
  "sakura-user 7.1.2pkq1.180917.001 03bt36sxmo release-keys": 1,
  "sakura-user 7.1.2pkq1.180917.001 05jj43v197 release-keys": 1,
  "sakura-user 7.1.2pkq1.180917.001 0e82163s39 release-keys": 1,
  "sakura-user 7.1.2pkq1.180917.001 0ej87c8v4a release-keys": 1,
  "sakura-user 7.1.2pkq1.180917.001 0f9n3kk8gd release-keys": 1,
  "sakura-user 7.1.2pkq1.180917.001 12e4e0n672 release-keys": 1,
  "sakura-user 7.1.2pkq1.180917.001 151cl214v6 release-keys": 1,
  "sakura-user 7.1.2pkq1.180917.001 19024r6ho2 release-keys": 1,
  "sakura-user 7.1.2pkq1.180917.001 1euk8i57a9 release-keys": 1,
  "sakura-user 7.1.2pkq1.180917.001 1f3l9v0i48 release-keys": 1,
  "sakura-user 7.1.2pkq1.180917.001 1x223z0885 release-keys": 1,
  "sakura-user 7.1.2pkq1.180917.001 2a1e7kp0v1 release-keys": 1,
  "sakura-user 7.1.2pkq1.180917.001 2la0o4bes0 release-keys": 1,
  "sakura-user 7.1.2pkq1.180917.001 2p7oqt7013 release-keys": 1,
  "sakura-user 7.1.2pkq1.180917.001 2rzg6s0km6 release-keys": 1,
  "sakura-user 7.1.2pkq1.180917.001 312s1g1072 release-keys": 1,
  "sakura-user 7.1.2pkq1.180917.001 33orgyv9w6 release-keys": 1,
  "sakura-user 7.1.2pkq1.180917.001 346w28y7ji release-keys": 1,
  "sakura-user 7.1.2pkq1.180917.001 3m225si9z5 release-keys": 1,
  "sakura-user 7.1.2pkq1.180917.001 4308p8kt8n release-keys": 1,
  "sakura-user 7.1.2pkq1.180917.001 47844lk02g release-keys": 1,
  "sakura-user 7.1.2pkq1.180917.001 4qn5341xh6 release-keys": 1,
  "sakura-user 7.1.2pkq1.180917.001 4uep63t2lf release-keys": 1,
  "sakura-user 7.1.2pkq1.180917.001 58207sw832 release-keys": 1,
  "sakura-user 7.1.2pkq1.180917.001 59rrh0a5ht release-keys": 1,
  "sakura-user 7.1.2pkq1.180917.001 5dyb7w0sk6 release-keys": 1,
  "sakura-user 7.1.2pkq1.180917.001 5n4ac7th1u release-keys": 1,
  "sakura-user 7.1.2pkq1.180917.001 5r4cw300v8 release-keys": 1,
  "sakura-user 7.1.2pkq1.180917.001 5w8040y6j5 release-keys": 1,
  "sakura-user 7.1.2pkq1.180917.001 60o936ls55 release-keys": 1,
  "sakura-user 7.1.2pkq1.180917.001 616ui5aaoo release-keys": 1,
  "sakura-user 7.1.2pkq1.180917.001 62829575um release-keys": 1,
  "sakura-user 7.1.2pkq1.180917.001 65g85xvv8y release-keys": 1,
  "sakura-user 7.1.2pkq1.180917.001 65ha44yh35 release-keys": 1,
  "sakura-user 7.1.2pkq1.180917.001 6e44zlw182 release-keys": 1,
  "sakura-user 7.1.2pkq1.180917.001 6t9dkmo1cz release-keys": 1,
  "sakura-user 7.1.2pkq1.180917.001 71ze12urw2 release-keys": 1,
  "sakura-user 7.1.2pkq1.180917.001 72gbk7au97 release-keys": 1,
  "sakura-user 7.1.2pkq1.180917.001 78cgytdimh release-keys": 1,
  "sakura-user 7.1.2pkq1.180917.001 7b5c3m0072 release-keys": 1,
  "sakura-user 7.1.2pkq1.180917.001 7jgxh8e279 release-keys": 1,
  "sakura-user 7.1.2pkq1.180917.001 7l4g0cd608 release-keys": 1,
  "sakura-user 7.1.2pkq1.180917.001 83x888qgc0 release-keys": 1,
  "sakura-user 7.1.2pkq1.180917.001 85tsv61gh1 release-keys": 1,
  "sakura-user 7.1.2pkq1.180917.001 8wfcoas256 release-keys": 1,
  "sakura-user 7.1.2pkq1.180917.001 9080q0440q release-keys": 1,
  "sakura-user 7.1.2pkq1.180917.001 92ysitve5x release-keys": 1,
  "sakura-user 7.1.2pkq1.180917.001 9798bdf8r2 release-keys": 1,
  "sakura-user 7.1.2pkq1.180917.001 9d6ak0emq0 release-keys": 1,
  "sakura-user 7.1.2pkq1.180917.001 9gi59ipfz0 release-keys": 1,
  "sakura-user 7.1.2pkq1.180917.001 a6a73703s9 release-keys": 1,
  "sakura-user 7.1.2pkq1.180917.001 a8pzvj96c0 release-keys": 1,
  "sakura-user 7.1.2pkq1.180917.001 a9p3qu7vut release-keys": 1,
  "sakura-user 7.1.2pkq1.180917.001 a9v67467pb release-keys": 1,
  "sakura-user 7.1.2pkq1.180917.001 ahy8m69uw6 release-keys": 1,
  "sakura-user 7.1.2pkq1.180917.001 c1yq43t2nw release-keys": 1,
  "sakura-user 7.1.2pkq1.180917.001 c2hl621256 release-keys": 1,
  "sakura-user 7.1.2pkq1.180917.001 cc30517pxu release-keys": 1,
  "sakura-user 7.1.2pkq1.180917.001 d73479d6z2 release-keys": 1,
  "sakura-user 7.1.2pkq1.180917.001 e0i882lnpe release-keys": 1,
  "sakura-user 7.1.2pkq1.180917.001 e1d976d05b release-keys": 1,
  "sakura-user 7.1.2pkq1.180917.001 el427kxr11 release-keys": 1,
  "sakura-user 7.1.2pkq1.180917.001 ep4h7ag39n release-keys": 1,
  "sakura-user 7.1.2pkq1.180917.001 f3a7h82ooc release-keys": 1,
  "sakura-user 7.1.2pkq1.180917.001 f8qa0o7iwe release-keys": 1,
  "sakura-user 7.1.2pkq1.180917.001 g9pw03ix3u release-keys": 1,
  "sakura-user 7.1.2pkq1.180917.001 h00a3h7gk6 release-keys": 1,
  "sakura-user 7.1.2pkq1.180917.001 hunj3lroq5 release-keys": 1,
  "sakura-user 7.1.2pkq1.180917.001 i0amf8868i release-keys": 1,
  "sakura-user 7.1.2pkq1.180917.001 i60i1hh6fa release-keys": 1,
  "sakura-user 7.1.2pkq1.180917.001 ii1v3q87v9 release-keys": 1,
  "sakura-user 7.1.2pkq1.180917.001 iv5uttbmal release-keys": 1,
  "sakura-user 7.1.2pkq1.180917.001 j2s3z0kxy2 release-keys": 1,
  "sakura-user 7.1.2pkq1.180917.001 jnfpr58328 release-keys": 1,
  "sakura-user 7.1.2pkq1.180917.001 k6a1j0y021 release-keys": 1,
  "sakura-user 7.1.2pkq1.180917.001 ky357wu40z release-keys": 1,
  "sakura-user 7.1.2pkq1.180917.001 mag7d9575h release-keys": 1,
  "sakura-user 7.1.2pkq1.180917.001 mb7e7h1y83 release-keys": 1,
  "sakura-user 7.1.2pkq1.180917.001 nh8t69nfrw release-keys": 1,
  "sakura-user 7.1.2pkq1.180917.001 nk685pb43n release-keys": 1,
  "sakura-user 7.1.2pkq1.180917.001 nuk3ax14g2 release-keys": 1,
  "sakura-user 7.1.2pkq1.180917.001 o51ql3l884 release-keys": 1,
  "sakura-user 7.1.2pkq1.180917.001 od1qpvlpqt release-keys": 1,
  "sakura-user 7.1.2pkq1.180917.001 p3k45p8vfk release-keys": 1,
  "sakura-user 7.1.2pkq1.180917.001 pd1vxyc0eq release-keys": 1,