{
  "10.0-20201209-unofficial-snapshot-cactus": 4,
  "16.0-20191031-unofficial-cactus": 5,
  "16.0-20191118-unofficial-cactus": 105,
  "16.0-20191129-unofficial-cactus": 51,
  "16.0-20200210-unofficial-cactus": 176,
  "16.0-20200511-unofficial-cactus": 4,
  "17.1-20200119-unofficial-cactus": 53,
  "17.1-20200222-unofficial-cactus": 9,
  "17.1-20200703-unofficial-cactus": 30,
  "17.1-20200721-unofficial-cactus": 2,
  "17.1-20200727-unofficial-cactus": 237,
  "17.1-20200821-unofficial-z3": 117,
  "17.1-20200928-unofficial-cactus": 1,
  "17.1-20201001-unofficial-cactus": 68,
  "17.1-20201113-unofficial-cactus": 1,
  "17.1-20201209-unofficial-cactus": 1,
  "5.1-20200903-sana_public-cactus": 1,
  "cactus-user 7.1.2ppr1.180610.011 03pq63jww9 release-keys": 1,
  "cactus-user 7.1.2ppr1.180610.011 058woj19o8 release-keys": 1,
  "cactus-user 7.1.2ppr1.180610.011 0r7sd585x0 release-keys": 1,
  "cactus-user 7.1.2ppr1.180610.011 13pyhy26k3 release-keys": 1,
  "cactus-user 7.1.2ppr1.180610.011 169071lhng release-keys": 1,
  "cactus-user 7.1.2ppr1.180610.011 174hn0t1ck release-keys": 1,
  "cactus-user 7.1.2ppr1.180610.011 1i86v763k1 release-keys": 1,
  "cactus-user 7.1.2ppr1.180610.011 1nr031g458 release-keys": 1,
  "cactus-user 7.1.2ppr1.180610.011 1r44344eu1 release-keys": 1,
  "cactus-user 7.1.2ppr1.180610.011 226ae4osc1 release-keys": 1,
  "cactus-user 7.1.2ppr1.180610.011 2510ly4xd8 release-keys": 1,
  "cactus-user 7.1.2ppr1.180610.011 2577nj1e22 release-keys": 1,
  "cactus-user 7.1.2ppr1.180610.011 26bm9y4cc1 release-keys": 1,
  "cactus-user 7.1.2ppr1.180610.011 2777ej9062 release-keys": 1,
  "cactus-user 7.1.2ppr1.180610.011 28twu0xap5 release-keys": 1,
  "cactus-user 7.1.2ppr1.180610.011 291pd03qpi release-keys": 1,
  "cactus-user 7.1.2ppr1.180610.011 2bxhu8t3u8 release-keys": 1,
  "cactus-user 7.1.2ppr1.180610.011 2rw313dosh release-keys": 1,
  "cactus-user 7.1.2ppr1.180610.011 2zd7353bv6 release-keys": 1,
  "cactus-user 7.1.2ppr1.180610.011 35885w37k1 release-keys": 1,
  "cactus-user 7.1.2ppr1.180610.011 36rdz43b72 release-keys": 1,
  "cactus-user 7.1.2ppr1.180610.011 3897e7qx8a release-keys": 1,
  "cactus-user 7.1.2ppr1.180610.011 3t623ntpti release-keys": 1,
  "cactus-user 7.1.2ppr1.180610.011 3uy8715je5 release-keys": 1,
  "cactus-user 7.1.2ppr1.180610.011 40w6c7y68y release-keys": 1,
  "cactus-user 7.1.2ppr1.180610.011 42rxguea8u release-keys": 1,
  "cactus-user 7.1.2ppr1.180610.011 4ak3685f42 release-keys": 1,
  "cactus-user 7.1.2ppr1.180610.011 4i8c68ztmc release-keys": 1,
  "cactus-user 7.1.2ppr1.180610.011 4t65q4w32i release-keys": 1,
  "cactus-user 7.1.2ppr1.180610.011 4tqxy9d2u0 release-keys": 1,
  "cactus-user 7.1.2ppr1.180610.011 531oday7dy release-keys": 1,
  "cactus-user 7.1.2ppr1.180610.011 5589pckqwl release-keys": 1,
  "cactus-user 7.1.2ppr1.180610.011 56pvbs221z release-keys": 1,
  "cactus-user 7.1.2ppr1.180610.011 5q5wa20x37 release-keys": 1,
  "cactus-user 7.1.2ppr1.180610.011 5s6xl657qx release-keys": 1,
  "cactus-user 7.1.2ppr1.180610.011 5xuy16byr5 release-keys": 1,
  "cactus-user 7.1.2ppr1.180610.011 60mv304u01 release-keys": 1,
  "cactus-user 7.1.2ppr1.180610.011 614l8mhc87 release-keys": 1,
  "cactus-user 7.1.2ppr1.180610.011 62z4da3l9d release-keys": 1,
  "cactus-user 7.1.2ppr1.180610.011 64yy613h12 release-keys": 1,
  "cactus-user 7.1.2ppr1.180610.011 65e47535jj release-keys": 1,
  "cactus-user 7.1.2ppr1.180610.011 65s4pfffh9 release-keys": 1,
  "cactus-user 7.1.2ppr1.180610.011 69730tlgo9 release-keys": 1,
  "cactus-user 7.1.2ppr1.180610.011 6aby37woiy release-keys": 1,
  "cactus-user 7.1.2ppr1.180610.011 6lajz19h6a release-keys": 1,
  "cactus-user 7.1.2ppr1.180610.011 6x8xfb7n31 release-keys": 1,
  "cactus-user 7.1.2ppr1.180610.011 6zcz08d6f5 release-keys": 1,
  "cactus-user 7.1.2ppr1.180610.011 700vh5s7st release-keys": 1,
  "cactus-user 7.1.2ppr1.180610.011 81ma11e71o release-keys": 1,
  "cactus-user 7.1.2ppr1.180610.011 85a03c9446 release-keys": 1,
  "cactus-user 7.1.2ppr1.180610.011 85ithw2z5q release-keys": 1,
  "cactus-user 7.1.2ppr1.180610.011 87iz41e5c9 release-keys": 1,
  "cactus-user 7.1.2ppr1.180610.011 8el89vs7pa release-keys": 1,
  "cactus-user 7.1.2ppr1.180610.011 915jb4q45x release-keys": 1,
  "cactus-user 7.1.2ppr1.180610.011 960to7oas9 release-keys": 1,
  "cactus-user 7.1.2ppr1.180610.011 9a8i8un13b release-keys": 1,
  "cactus-user 7.1.2ppr1.180610.011 9g2y754729 release-keys": 1,
  "cactus-user 7.1.2ppr1.180610.011 9pp6005814 release-keys": 1,
  "cactus-user 7.1.2ppr1.180610.011 b50s22b6pw release-keys": 1,
  "cactus-user 7.1.2ppr1.180610.011 b53e6m4028 release-keys": 1,
  "cactus-user 7.1.2ppr1.180610.011 b6r011479h release-keys": 1,
  "cactus-user 7.1.2ppr1.180610.011 b84p0cl9mk release-keys": 1,
  "cactus-user 7.1.2ppr1.180610.011 c1187s88m1 release-keys": 1,
  "cactus-user 7.1.2ppr1.180610.011 c76i2nt5d3 release-keys": 1,
  "cactus-user 7.1.2ppr1.180610.011 d699xr1bp6 release-keys": 1,
  "cactus-user 7.1.2ppr1.180610.011 d9r0x91a51 release-keys": 1,
  "cactus-user 7.1.2ppr1.180610.011 da5md7321y release-keys": 1,
  "cactus-user 7.1.2ppr1.180610.011 e05a269406 release-keys": 1,
  "cactus-user 7.1.2ppr1.180610.011 eqx6v312z1 release-keys": 1,
  "cactus-user 7.1.2ppr1.180610.011 eu51et48ox release-keys": 1,
  "cactus-user 7.1.2ppr1.180610.011 fesk7ep79f release-keys": 1,
  "cactus-user 7.1.2ppr1.180610.011 g8o5z8eq42 release-keys": 1,
  "cactus-user 7.1.2ppr1.180610.011 i8v380hyx8 release-keys": 1,
  "cactus-user 7.1.2ppr1.180610.011 itc5f73mej release-keys": 1,
  "cactus-user 7.1.2ppr1.180610.011 j0422n1zrd release-keys": 1,
  "cactus-user 7.1.2ppr1.180610.011 j3j320837s release-keys": 1,
  "cactus-user 7.1.2ppr1.180610.011 j521vhdw40 release-keys": 1,
  "cactus-user 7.1.2ppr1.180610.011 j8f3v23f95 release-keys": 1,
  "cactus-user 7.1.2ppr1.180610.011 jq9hfd4a8n release-keys": 1,
  "cactus-user 7.1.2ppr1.180610.011 kdof1fvt5g release-keys": 1,
  "cactus-user 7.1.2ppr1.180610.011 l612wrqgmj release-keys": 1,
  "cactus-user 7.1.2ppr1.180610.011 l77w2659k4 release-keys": 1,
  "cactus-user 7.1.2ppr1.180610.011 l997u4n5rz release-keys": 1,
  "cactus-user 7.1.2ppr1.180610.011 lwc8dw39or release-keys": 1,
  "cactus-user 7.1.2ppr1.180610.011 mx67b72rn3 release-keys": 1,
  "cactus-user 7.1.2ppr1.180610.011 n01xnh6q77 release-keys": 1,
  "cactus-user 7.1.2ppr1.180610.011 n3hidtvf40 release-keys": 1,
  "cactus-user 7.1.2ppr1.180610.011 n5kit3hqlt release-keys": 1,
  "cactus-user 7.1.2ppr1.180610.011 n9c724q5yj release-keys": 1,
  "cactus-user 7.1.2ppr1.180610.011 nk948r1kct release-keys": 1,
  "cactus-user 7.1.2ppr1.180610.011 nsm527rsvf release-keys": 1,
  "cactus-user 7.1.2ppr1.180610.011 nxtmlykesy release-keys": 1,
  "cactus-user 7.1.2ppr1.180610.011 oa7tc3e3p1 release-keys": 1,
  "cactus-user 7.1.2ppr1.180610.011 p1uevlr143 release-keys": 1,
  "cactus-user 7.1.2ppr1.180610.011 pfl43zp5uw release-keys": 1,
  "cactus-user 7.1.2ppr1.180610.011 q3nk5409d2 release-keys": 1,
  "cactus-user 7.1.2ppr1.180610.011 q6t5szpl57 release-keys": 1,
  "cactus-user 7.1.2ppr1.180610.011 rm256781u9 release-keys": 1,
  "cactus-user 7.1.2ppr1.180610.011 rymh9j88wb release-keys": 1,
  "cactus-user 7.1.2ppr1.180610.011 s47hl8k3n4 release-keys": 1,
  "cactus-user 7.1.2ppr1.180610.011 s5qw67fxz4 release-keys": 1,
  "cactus-user 7.1.2ppr1.180610.011 t2595176d2 release-keys": 1,
  "cactus-user 7.1.2ppr1.180610.011 t79h8n8g1w release-keys": 1,
  "cactus-user 7.1.2ppr1.180610.011 tj3iq66c1y release-keys": 1,
  "cactus-user 7.1.2ppr1.180610.011 uf0j8la41w release-keys": 1,
  "cactus-user 7.1.2ppr1.180610.011 uw389udf30 release-keys": 1,
  "cactus-user 7.1.2ppr1.180610.011 v1q4s15381 release-keys": 1,
  "cactus-user 7.1.2ppr1.180610.011 v2k07ypa1f release-keys": 1,
  "cactus-user 7.1.2ppr1.180610.011 v5i7265w34 release-keys": 1,
  "cactus-user 7.1.2ppr1.180610.011 v968mx9e5n release-keys": 1,
  "cactus-user 7.1.2ppr1.180610.011 w214370057 release-keys": 1,
  "cactus-user 7.1.2ppr1.180610.011 wl3185l5h8 release-keys": 1,