{
  "17.1-20200715-unofficial-tissot": 2575,
  "17.1-20200821-unofficial-z3": 1818,
  "rr_crownlte-userdebug 10 qq3a.200905.001 eng.adrian.20200919.003013 release-keys": 2,
  "rr_crownlte-userdebug 10 qq3a.200905.001 eng.adrian.20200924.234106 release-keys": 1,
  "rr_crownlte-userdebug 10 qq3a.200905.001 eng.adrian.20201010.001454 release-keys": 1,
  "rr_crownlte-userdebug 10 qq3a.200905.001 eng.adrian.20201017.210909 release-keys": 1,
  "rr_crownlte-userdebug 10 qq3a.200905.001 eng.adrian.20201024.160914 release-keys": 1,
  "rr_crownlte-userdebug 10 qq3a.200905.001 eng.adrian.20201110.164748 release-keys": 2
}