{
  "13.0-20170601-nightly-j53gxx": 5,
  "14.1-20170901-nightly-j53gxx": 3,
  "14.1-20170911-nightly-j53gxx": 2,
  "14.1-20170916-nightly-j53gxx": 175,
  "15.1-20180212-nightly-j53gxx": 6,
  "15.1-20180314-nightly-j53gxx": 1,
  "15.1-20180326-nightly-j53gxx": 2,
  "15.1-20180404-nightly-j53gxx": 2,
  "15.1-20180504-nightly-j53gxx": 4,
  "15.1-20180525-nightly-j53gxx": 1,
  "15.1-20180622-nightly-j53gxx": 3,
  "15.1-20180726-nightly-j53gxx": 1,
  "15.1-20180801-nightly-j53gxx": 1,
  "15.1-20180815-nightly-j53gxx": 1,
  "15.1-20180903-nightly-j53gxx": 2,
  "15.1-20180922-nightly-j53gxx": 1,
  "15.1-20181009-nightly-j53gxx": 7,
  "15.1-20190101-nightly-j53gxx": 27,
  "16.0-20181015-nightly-j53gxx": 5,
  "16.0-20181117-nightly-j53gxx": 8,
  "16.0-20190102-nightly-j53gxx": 49,
  "16.0-20190815-nightly-j53gxx": 23,
  "16.0-20190929-nightly-j53gxx": 8,
  "16.0-20191005-nightly-j53gxx": 2,
  "16.0-20191220-nightly-j53gxx": 105,
  "16.0-20191229-nightly-j53gxx": 46,
  "16.0-20200117-unofficial-j53gxx": 1,
  "16.0-20201014-unofficial-j53gxx": 3,
  "16.0-20201125-unofficial-j53gxx": 2,
  "17.1-20200121-unofficial-j53gxx": 2,
  "17.1-20200315-unofficial-j53gxx": 3,
  "17.1-20200408-unofficial-j53gxx": 123,
  "17.1-20200616-unofficial-j53gxx": 1,
  "17.1-20200617-nightly-j53gxx": 1,
  "17.1-20200618-nightly-j53gxx": 12,
  "17.1-20200719-nightly-j53gxx": 40,
  "17.1-20200826-nightly-j53gxx": 288,
  "18.0-20201112-unofficial-j53gxx": 2,
  "18.0-20201113-unofficial-j53gxx": 1,
  "18.0-20201114-unofficial-j53gxx": 2,
  "18.0-20201117-unofficial-j53gxx": 29,
  "18.0-20201211-unofficial-j53gxx": 1,
  "aosp_j53gxx-userdebug 9 pq3a.190505.002 eng.esrom.20190530.105007 test-keys": 1,
  "aosp_j53gxx-userdebug 9 pq3a.190605.003 eng.esrom.20190703.182348 test-keys": 6,
  "lineageos pro v 1.0 by aliilapro": 1
}