{
  "13.0-20170601-nightly-j53gxx": 3,
  "14.1-20170506-nightly-j53gxx": 4,
  "14.1-20170802-nightly-j53gxx": 2,
  "14.1-20170828-nightly-j53gxx": 1,
  "14.1-20170901-nightly-j53gxx": 7,
  "14.1-20170911-nightly-j53gxx": 2,
  "14.1-20170911-unofficial-j53gxx": 1,
  "14.1-20170916-nightly-j53gxx": 420,
  "15.1-20180212-nightly-j53gxx": 2,
  "15.1-20180320-nightly-j53gxx": 2,
  "15.1-20180326-nightly-j53gxx": 3,
  "15.1-20180404-nightly-j53gxx": 1,
  "15.1-20180410-nightly-j53gxx": 1,
  "15.1-20180427-nightly-j53gxx": 6,
  "15.1-20180504-nightly-j53gxx": 7,
  "15.1-20180520-nightly-j53gxx": 3,
  "15.1-20180525-nightly-j53gxx": 4,
  "15.1-20180531-nightly-j53gxx": 1,
  "15.1-20180602-nightly-j53gxx": 2,
  "15.1-20180622-nightly-j53gxx": 39,
  "15.1-20180726-nightly-j53gxx": 2,
  "15.1-20180801-nightly-j53gxx": 1,
  "15.1-20180803-nightly-j53gxx": 2,
  "15.1-20180812-nightly-j53gxx": 4,
  "15.1-20180815-nightly-j53gxx": 2,
  "15.1-20180903-nightly-j53gxx": 14,
  "15.1-20180922-nightly-j53gxx": 1,
  "15.1-20181009-nightly-j53gxx": 18,
  "15.1-20190101-nightly-j53gxx": 104,
  "16.0-20181006-nightly-j53gxx": 18,
  "16.0-20181015-nightly-j53gxx": 22,
  "16.0-20181117-nightly-j53gxx": 18,
  "16.0-20190102-nightly-j53gxx": 379,
  "aosp_j53gxx-userdebug 9 pq3a.190505.002 eng.esrom.20190522.173943 test-keys": 19,
  "aosp_j53gxx-userdebug 9 pq3a.190505.002 eng.esrom.20190530.105007 test-keys": 9
}