{
  "15.1-20190408-unofficial-hannah": 7,
  "15.1-20190511-unofficial-hannah": 1,
  "15.1-20190530-unofficial-hannah": 2,
  "15.1-20190603-unofficial-hannah": 81,
  "16.0-20190605-unofficial-hannah": 36,
  "16.0-20190623-unofficial-hannah": 5,
  "16.0-20190626-unofficial-hannah": 3,
  "16.0-20190705-unofficial-hannah": 23,
  "16.0-20191001-unofficial-hannah": 1,
  "16.0-20191015-unofficial-hannah": 11,
  "16.0-20191103-unofficial-hannah": 106,
  "16.0-20200221-unofficial-hannah": 11,
  "16.0-20200229-unofficial-hannah": 1,
  "16.0-20200613-unofficial-hannah": 144,
  "16.0-20200824-unofficial-hannah": 22,
  "16.0-20201010-unofficial-hannah": 188,
  "17.1-20200921-unofficial-hannah": 9,
  "17.1-20200927-unofficial-hannah": 16,
  "17.1-20200929-unofficial-hannah": 11,
  "17.1-20201011-unofficial-hannah": 5,
  "17.1-20201012-unofficial-hannah": 9,
  "17.1-20201023-unofficial-hannah": 3,
  "17.1-20201024-unofficial-hannah": 6,
  "17.1-20201028-unofficial-hannah": 10,
  "17.1-20201117-unofficial-hannah": 1,
  "17.1-20201118-unofficial-hannah": 126,
  "17.1-20201119-unofficial-hannah": 155,
  "17.1-20201124-unofficial-hannah": 12,
  "17.1-20201128-unofficial-hannah": 9,
  "17.1-20201212-unofficial-hannah": 17,
  "17.1-20201222-unofficial-hannah": 3,
  "17.1-20201223-unofficial-hannah": 1,
  "17.1-20201224-unofficial-hannah": 2,
  "rr_hannah-userdebug 10 qq3a.200905.001 eng.hyper.20201220.050224 test-keys": 3,
  "rr_hannah-userdebug 10 qq3a.200905.001 eng.hyper.20201228.102531 test-keys": 1,
  "rr_hannah-userdebug 10 qq3a.200905.001 eng.rohith.20201219.101826 test-keys": 5,
  "rr_hannah-userdebug 10 qq3a.200905.001 eng.rohith.20201220.103903 test-keys": 15
}