{
  "14.1-20170205-meticulus-hi6250": 6,
  "14.1-20170216-meticulus-hi6250": 1,
  "14.1-20170222-meticulus-hi6250": 3,
  "14.1-20170507-meticulus-hi6250": 1,
  "14.1-20170603-meticulus-hi6250": 3,
  "14.1-20171024-meticulus-hi6250": 8,
  "14.1-20171203_072130-unofficial-hi6250": 2,
  "14.1-20171227_052716-unofficial-hi6250": 66,
  "14.1-20180121-unofficial-hi6250": 1,
  "14.1-20180126-unofficial-hi6250": 164,
  "14.1-20180131-unofficial-hi6250": 2,
  "14.1-20180218-haky86-hi6250": 4,
  "14.1-20180423-unofficial-hi6250": 1,
  "14.1-20180517-unofficial-hi6250": 4,
  "14.1-20181002-haky86-hi6250": 5,
  "14.1-20190112-meticulus-hi6250": 1,
  "14.1-20190416-darkdroid-hi6250": 21,
  "14.1-20190918-haky86-hi6250": 2,
  "14.1-20191228-haky86-hi6250": 7,
  "14.1-20200812-unofficial-hi6250": 20,
  "14.1-20200818-unofficial-hi6250": 11,
  "14.1-20200821-unofficial-hi6250": 367,
  "14.1-20200828-unofficial-hi6250": 1,
  "14.1-20201006-unofficial-hi6250": 1,
  "14.1-20201029-unofficial-hi6250": 1,
  "14.1-20201104-unofficial-hi6250": 72,
  "15.1-20180727-unofficial-hi6250": 1,
  "15.1-20180730-unofficial-hi6250": 10,
  "15.1-20180817-unofficial-hi6250": 2,
  "15.1-20190912-unofficial-hi6250": 2,
  "15.1-20191212-unofficial-hi6250": 1,
  "15.1-20200215-unofficial-hi6250": 3,
  "15.1-20200417-unofficial-hi6250": 3,
  "15.1-20200503-unofficial-hi6250": 3,
  "15.1-20200527-unofficial-hi6250": 4,
  "15.1-20200717-unofficial-hi6250": 61,
  "15.1-20200919-unofficial-hi6250": 3,
  "15.1-20200929-unofficial-hi6250": 29,
  "15.1-20201027-unofficial-hi6250": 69,
  "16.0-20181217-unofficial-hi6250": 3,
  "16.0-20190817-unofficial-hi6250": 1,
  "16.0-20200722-unofficial-hi6250": 4,
  "17.1-20200526-unofficial-hi6250": 9,
  "ane-lx3 8.0.0.155(c605)": 1,
  "bah2-w19 8.0.0.238(ocec432)": 1,
  "bln-al10 8.0.0.555(c00)": 10,
  "bln-al40 8.0.0.541(c00)": 1,
  "bln-l22 8.0.0.520(c675)": 1,
  "lld-l31 8.0.0.122(c10)": 1,
  "lld-l31 8.0.0.130(c10)": 2,
  "pra-al00 8.0.0.331(c00)": 4,
  "pra-al00x 8.0.0.335(c00)": 1,
  "pra-la1 8.0.0.368(c185)": 7,
  "pra-lx1 8.0.0.364(c33)": 2,
  "pra-lx1 8.0.0.390(c02)": 1,
  "pra-tl10 8.0.0.335(c01)": 1,
  "pra-tl10 8.0.0.373(c10)": 5,
  "rne-l01 8.0.0.351(c432)": 1,
  "rne-l21 8.0.0.346(c432)": 1,
  "treble_arm64_bgn-userdebug 10 qq3a.200905.001 eng.diust.20201122.154631 test-keys": 7,
  "treble_arm64_bgn-userdebug 10 qq3a.200905.001 eng.diust.20201123.163348 test-keys": 1,
  "treble_arm64_bvn-userdebug 10 qq3a.200805.001 eng.luke_u.20200815.070014 test-keys": 1,
  "treble_arm64_bvn-userdebug 10 qq3a.200905.001 eng.diust.20201120.084731 test-keys": 4,
  "treble_arm64_bvn-userdebug 10 qq3a.200905.001 eng.igor.20200914.210059 test-keys": 2,
  "treble_arm64_bvn-userdebug 10 qq3a.200905.001 eng.igor.20201013.190840 test-keys": 4,
  "treble_arm64_bvn-userdebug 10 qq3a.200905.001 eng.igor.20201019.185735 test-keys": 3,
  "treble_arm64_bvn-userdebug 10 qq3a.200905.001 eng.igor.20201111.184406 test-keys": 3,
  "unknown": 22,
  "was-al00 8.0.0.335(c00)": 6,
  "was-al00 8.0.0.358(c00)": 2,
  "was-lx1a 8.0.0.366(c432)": 1,
  "was-lx1a 8.0.0.378(c432)": 1
}