{
  "0.12-q-20201023-unofficial-channel": 49,
  "0.13-q-20201101-unofficial-channel": 3,
  "0.13-q-20201107-unofficial-channel": 1,
  "0.13-q-20201127-unofficial-channel": 1,
  "0.13-q-20201128-unofficial-channel": 2,
  "16.0-20200323-unofficial-channel": 1,
  "16.0-20201029-unofficial-channel": 2,
  "17.1-20200809-unofficial-channel": 7,
  "17.1-20200818-unofficial-channel": 5,
  "17.1-20200906-nightly-channel": 3,
  "17.1-20200906-unofficial-channel": 17,
  "17.1-20200913-nightly-channel": 17,
  "17.1-20200919-unofficial-channel": 3,
  "17.1-20200920-nightly-channel": 106,
  "17.1-20200920-unofficial-channel": 3,
  "17.1-20200922-microg-channel": 1,
  "17.1-20200927-nightly-channel": 103,
  "17.1-20201004-nightly-channel": 122,
  "17.1-20201011-nightly-channel": 104,
  "17.1-20201013-microg-channel": 7,
  "17.1-20201018-nightly-channel": 75,
  "17.1-20201025-nightly-channel": 88,
  "17.1-20201101-nightly-channel": 103,
  "17.1-20201106-microg-channel": 3,
  "17.1-20201108-nightly-channel": 59,
  "17.1-20201115-nightly-channel": 78,
  "17.1-20201122-nightly-channel": 101,
  "17.1-20201127-unofficial-channel": 2,
  "17.1-20201129-nightly-channel": 89,
  "17.1-20201203-microg-channel": 7,
  "17.1-20201206-nightly-channel": 131,
  "17.1-20201206-unofficial-channel": 1,
  "17.1-20201213-nightly-channel": 67,
  "17.1.0-channel": 21,
  "qq3a.200805.001": 45,
  "rp1a.201005.006": 1,
  "rr_channel-eng 10 qq3a.200805.001 eng.deivid.20200823.065440 test-keys": 1,
  "rr_channel-userdebug 10 qq3a.200905.001 eng.deivid.20200912.063302 test-keys": 19,
  "rr_channel-userdebug 10 qq3a.200905.001 eng.deivid.20200925.070726 test-keys": 31,
  "rr_channel-userdebug 10 qq3a.200905.001 eng.deivid.20201008.001951 release-keys": 72,
  "rr_channel-userdebug 10 qq3a.200905.001 eng.deivid.20201029.204410 release-keys": 94,
  "rr_channel-userdebug 10 qq3a.200905.001 eng.deivid.20201125.162719 release-keys": 107,
  "treble_arm64_bvn-userdebug 10 qq3a.200805.001 eng.luke_u.20200815.070014 test-keys": 5,
  "treble_arm64_bvn-userdebug 10 qq3a.200905.001 eng.igor.20201019.185735 test-keys": 2,
  "treble_arm64_bvn-userdebug 10 qq3a.200905.001 eng.igor.20201111.184406 test-keys": 3
}