{
  "resurrectionremix v8.6.4 android 10 qq3a.200905.001 224 release-keys": 41,
  "rr_mido-eng 10 qq3a.200805.001 eng.ultima.20200812.151445 test-keys": 3,
  "rr_mido-userdebug 10 qq3a.200805.001 17 test-keys": 1,
  "rr_mido-userdebug 10 qq3a.200805.001 3 test-keys": 1,
  "rr_mido-userdebug 10 qq3a.200805.001 34 test-keys": 7,
  "rr_mido-userdebug 10 qq3a.200805.001 6 test-keys": 2,
  "rr_mido-userdebug 10 qq3a.200805.001 eng.ramees.20200812.084536 test-keys": 4,
  "rr_mido-userdebug 10 qq3a.200805.001 eng.ultima.20200813.132247 test-keys": 4,
  "rr_mido-userdebug 10 qq3a.200805.001 eng.ultima.20200817.084502 test-keys": 623,
  "rr_mido-userdebug 10 qq3a.200905.001 1 release-keys": 2,
  "rr_mido-userdebug 10 qq3a.200905.001 108 test-keys": 1,
  "rr_mido-userdebug 10 qq3a.200905.001 110 test-keys": 1,
  "rr_mido-userdebug 10 qq3a.200905.001 116 release-keys": 1,
  "rr_mido-userdebug 10 qq3a.200905.001 121 release-keys": 1,
  "rr_mido-userdebug 10 qq3a.200905.001 126 test-keys": 91,
  "rr_mido-userdebug 10 qq3a.200905.001 175 test-keys": 1,
  "rr_mido-userdebug 10 qq3a.200905.001 177 release-keys": 344,
  "rr_mido-userdebug 10 qq3a.200905.001 190 release-keys": 388,
  "rr_mido-userdebug 10 qq3a.200905.001 2 test-keys": 1,
  "rr_mido-userdebug 10 qq3a.200905.001 224 release-keys": 503,
  "rr_mido-userdebug 10 qq3a.200905.001 229 release-keys": 3,
  "rr_mido-userdebug 10 qq3a.200905.001 299 test-keys": 65,
  "rr_mido-userdebug 10 qq3a.200905.001 38 release-keys": 243,
  "rr_mido-userdebug 10 qq3a.200905.001 41 test-keys": 19,
  "rr_mido-userdebug 10 qq3a.200905.001 54 test-keys": 172,
  "rr_mido-userdebug 10 qq3a.200905.001 7 release-keys": 221,
  "rr_mido-userdebug 10 qq3a.200905.001 81 test-keys": 90,
  "rr_mido-userdebug 10 qq3a.200905.001 9 test-keys": 17,
  "rr_mido-userdebug 10 qq3a.200905.001 eng.aksain.20200929.211059 test-keys": 1,
  "rr_mido-userdebug 10 qq3a.200905.001 eng.davidi.20201116.135728 test-keys": 33,
  "rr_mido-userdebug 10 qq3a.200905.001 eng.root.20201222.131629 test-keys": 25
}