{
  "rr_mido-eng 10 qq3a.200805.001 eng.ultima.20200812.151445 test-keys": 3,
  "rr_mido-userdebug 10 qq3a.200805.001 17 test-keys": 1,
  "rr_mido-userdebug 10 qq3a.200805.001 3 test-keys": 1,
  "rr_mido-userdebug 10 qq3a.200805.001 34 test-keys": 7,
  "rr_mido-userdebug 10 qq3a.200805.001 6 test-keys": 2,
  "rr_mido-userdebug 10 qq3a.200805.001 eng.ramees.20200812.084536 test-keys": 3,
  "rr_mido-userdebug 10 qq3a.200805.001 eng.ultima.20200813.132247 test-keys": 3,
  "rr_mido-userdebug 10 qq3a.200805.001 eng.ultima.20200816.014212 test-keys": 1,
  "rr_mido-userdebug 10 qq3a.200805.001 eng.ultima.20200817.084502 test-keys": 476,
  "rr_mido-userdebug 10 qq3a.200905.001 1 release-keys": 1,
  "rr_mido-userdebug 10 qq3a.200905.001 175 test-keys": 1,
  "rr_mido-userdebug 10 qq3a.200905.001 177 release-keys": 380,
  "rr_mido-userdebug 10 qq3a.200905.001 2 test-keys": 1,
  "rr_mido-userdebug 10 qq3a.200905.001 38 release-keys": 239,
  "rr_mido-userdebug 10 qq3a.200905.001 41 test-keys": 19,
  "rr_mido-userdebug 10 qq3a.200905.001 54 test-keys": 155,
  "rr_mido-userdebug 10 qq3a.200905.001 81 test-keys": 57,
  "rr_mido-userdebug 10 qq3a.200905.001 9 test-keys": 15,
  "rr_mido-userdebug 10 qq3a.200905.001 eng.aksain.20200929.211059 test-keys": 1
}