{
  "17.1-20200715-unofficial-tissot": 2939,
  "17.1-20200821-unofficial-z3": 2957,
  "rr_starlte-userdebug 10 qq3a.200905.001 eng.adrian.20201001.145218 release-keys": 1,
  "rr_starlte-userdebug 10 qq3a.200905.001 eng.adrian.20201110.155516 release-keys": 1
}