{
  "15.1-20190220-unofficial-ysl": 2,
  "16.0-20190818-unofficial-ysl": 43,
  "16.0-20190825-unofficial-ysl": 2,
  "16.0-20190829-unofficial-ysl": 124,
  "17.1-20200128-unofficial-ysl": 57,
  "17.1-20200522-unofficial-ysl": 189,
  "17.1-20200921-unofficial-ysl": 1,
  "18.0-20201028-unofficial-ysl": 196,
  "18.0-20201030-unofficial-ysl": 1,
  "18.0-20201124-unofficial-ysl": 1,
  "neutron_ysl-userdebug 10 qq3a.200805.001 eng.yamraj.20200921.210327 test-keys": 1,
  "neutron_ysl-userdebug 10 qq3a.200805.001 eng.yamraj.20200923.191531 test-keys": 111,
  "rr_ysl-userdebug 10 qq3a.200905.001 29 release-keys": 368,
  "rr_ysl-userdebug 10 qq3a.200905.001 eng.tushar.20200914.124236 release-keys": 250
}