{
  "15.1-20190220-unofficial-ysl": 2,
  "16.0-20190818-unofficial-ysl": 36,
  "16.0-20190825-unofficial-ysl": 2,
  "16.0-20190829-unofficial-ysl": 122,
  "17.1-20200128-unofficial-ysl": 54,
  "17.1-20200522-unofficial-ysl": 178,
  "17.1-20200921-unofficial-ysl": 1,
  "18.0-20201028-unofficial-ysl": 181,
  "18.0-20201030-unofficial-ysl": 1,
  "18.0-20201124-unofficial-ysl": 1,
  "neutron_ysl-userdebug 10 qq3a.200805.001 eng.yamraj.20200921.210327 test-keys": 1,
  "neutron_ysl-userdebug 10 qq3a.200805.001 eng.yamraj.20200923.191531 test-keys": 110,
  "rr_ysl-userdebug 10 qq3a.200905.001 29 release-keys": 320,
  "rr_ysl-userdebug 10 qq3a.200905.001 eng.tushar.20200914.124236 release-keys": 250
}