{
  "14.1-20170523-nightly-j5xnlte": 2,
  "14.1-20170603-nightly-j5xnlte": 22,
  "14.1-20170627-unofficial-j5xnlte": 1,
  "14.1-20170727-unofficial-j5xnlte": 84,
  "14.1-20180614-unofficial-j5xnlte": 10383,
  "14.1-20190304-unofficial-j5xnlte": 1,
  "14.1-20190318-unofficial-j5xnlte": 1,
  "14.1-20190319-unofficial-j5xnlte": 1,
  "14.1-20190320-unofficial-j5xnlte": 2,
  "14.1-20190324-unofficial-j5xnlte": 2,
  "14.1-20190325-unofficial-j5xnlte": 3,
  "14.1-20190330-unofficial-j5xnlte": 1,
  "14.1-20190405-unofficial-j5xnlte": 2,
  "15.1-20180314-unofficial-j5xnlte": 16,
  "15.1-20180324-unofficial-j5xnlte": 15,
  "15.1-20180422-nightly-j5xnlte": 1,
  "15.1-20180427-nightly-j5xnlte": 2,
  "15.1-20180503-nightly-j5xnlte": 9,
  "15.1-20180521-nightly-j5xnlte": 5,
  "15.1-20180525-nightly-j5xnlte": 3,
  "15.1-20180623-nightly-j5xnlte": 1,
  "15.1-20180624-nightly-j5xnlte": 15,
  "15.1-20180724-unofficial-j5xnlte": 42,
  "15.1-20180726-nightly-j5xnlte": 10,
  "15.1-20180803-nightly-j5xnlte": 2,
  "15.1-20180903-nightly-j5xnlte": 2,
  "15.1-20180912-unofficial-j5xnlte": 149,
  "15.1-20180922-nightly-j5xnlte": 3,
  "15.1-20181009-nightly-j5xnlte": 19,
  "15.1-20181125-unofficial-j5xnlte": 379,
  "15.1-20190101-nightly-j5xnlte": 86,
  "16.0-20181006-nightly-j5xnlte": 10,
  "16.0-20181015-nightly-j5xnlte": 89,
  "16.0-20181118-nightly-j5xnlte": 24,
  "16.0-20190102-nightly-j5xnlte": 346,
  "aosp_j5lxnte-ali damiri port 9 pq3a.190505.002 eng.esrom.20190601.091451 test-keys": 2,
  "aosp_j5xnlte-ali damiri port 9 pq3a.190505.002 eng.esrom.20190526.155207 test-keys": 88
}