{
  "14.1-20170523-nightly-j5xnlte": 1,
  "14.1-20170603-nightly-j5xnlte": 15,
  "14.1-20170627-unofficial-j5xnlte": 1,
  "14.1-20170727-unofficial-j5xnlte": 109,
  "14.1-20180614-unofficial-j5xnlte": 14463,
  "14.1-20190405-unofficial-j5xnlte": 3,
  "15.1-20180314-unofficial-j5xnlte": 16,
  "15.1-20180324-unofficial-j5xnlte": 10,
  "15.1-20180503-nightly-j5xnlte": 8,
  "15.1-20180521-nightly-j5xnlte": 4,
  "15.1-20180525-nightly-j5xnlte": 1,
  "15.1-20180623-nightly-j5xnlte": 1,
  "15.1-20180624-nightly-j5xnlte": 14,
  "15.1-20180724-unofficial-j5xnlte": 30,
  "15.1-20180726-nightly-j5xnlte": 17,
  "15.1-20180803-nightly-j5xnlte": 4,
  "15.1-20180903-nightly-j5xnlte": 3,
  "15.1-20180912-unofficial-j5xnlte": 109,
  "15.1-20180922-nightly-j5xnlte": 2,
  "15.1-20181009-nightly-j5xnlte": 17,
  "15.1-20181125-unofficial-j5xnlte": 395,
  "15.1-20190101-nightly-j5xnlte": 83,
  "15.1-20190707-unofficial-j5xnlte": 1,
  "16.0-20181006-nightly-j5xnlte": 3,
  "16.0-20181015-nightly-j5xnlte": 78,
  "16.0-20181118-nightly-j5xnlte": 12,
  "16.0-20190102-nightly-j5xnlte": 272,
  "16.0-20190701-unofficial-j5xnlte": 34,
  "16.0-20190705-unofficial-j5xnlte": 28,
  "16.0-20190707-unofficial-j5xnlte": 50,
  "16.0-20190712-unofficial-j5xnlte": 57,
  "aosp_j5lxnte-ali damiri port 9 pq3a.190505.002 eng.esrom.20190601.091451 test-keys": 2,
  "aosp_j5xnlte-ali damiri port 9 pq3a.190505.002 eng.esrom.20190526.155207 test-keys": 263
}