{
  "0.11-q-2020090772203-dev-lake": 7,
  "0.12-q-2020110582855-dev-lake": 1,
  "0.12-q-2020110883452-dev-lake": 1,
  "0.12-q-2020111083843-dev-lake": 11,
  "16.0-20190926-unofficial-lake": 28,
  "16.0-20200116-unofficial-lake": 2,
  "16.0-20200130-unofficial-lake": 1,
  "16.0-20200201-unofficial-lake": 23,
  "16.0-20201019-unofficial-lake": 1,
  "17.0-20191117-unofficial-lake": 9,
  "17.1-20200305-unofficial-lake": 8,
  "17.1-20200413-nightly-lake": 1,
  "17.1-20200416-nightly-lake": 1,
  "17.1-20200417-nightly-lake": 1,
  "17.1-20200418-nightly-lake": 3,
  "17.1-20200423-nightly-lake": 2,
  "17.1-20200426-nightly-lake": 1,
  "17.1-20200429-nightly-lake": 2,
  "17.1-20200530-nightly-lake": 1,
  "17.1-20200604-nightly-lake": 2,
  "17.1-20200609-nightly-lake": 2,
  "17.1-20200616-nightly-lake": 3,
  "17.1-20200623-nightly-lake": 1,
  "17.1-20200630-nightly-lake": 4,
  "17.1-20200707-nightly-lake": 2,
  "17.1-20200714-nightly-lake": 8,
  "17.1-20200721-nightly-lake": 4,
  "17.1-20200728-nightly-lake": 6,
  "17.1-20200804-nightly-lake": 3,
  "17.1-20200811-nightly-lake": 10,
  "17.1-20200825-nightly-lake": 27,
  "17.1-20200826-microg-lake": 6,
  "17.1-20200901-nightly-lake": 12,
  "17.1-20200908-nightly-lake": 12,
  "17.1-20200915-nightly-lake": 27,
  "17.1-20200915-unofficial-lake": 1,
  "17.1-20200920-unofficial-lake": 3,
  "17.1-20200922-nightly-lake": 66,
  "17.1-20200923-microg-lake": 9,
  "17.1-20200923-unofficial-lake": 54,
  "17.1-20200926-unofficial-lake": 1,
  "17.1-20200929-nightly-lake": 62,
  "17.1-20201006-nightly-lake": 111,
  "17.1-20201015-microg-lake": 11,
  "17.1-20201020-nightly-lake": 81,
  "17.1-20201023-unofficial-lake": 1,
  "17.1-20201027-nightly-lake": 57,
  "17.1-20201103-nightly-lake": 64,
  "17.1-20201108-unofficial-lake": 1,
  "17.1-20201109-microg-lake": 16,
  "17.1-20201110-nightly-lake": 72,
  "17.1-20201117-nightly-lake": 101,
  "17.1-20201124-nightly-lake": 117,
  "18.0-20201005-unofficial-lake": 1,
  "18.0-20201006-unofficial-lake": 1,
  "18.0-20201008-unofficial-lake": 1,
  "rr_lake-eng 10 qq3a.200805.001 8 test-keys": 13,
  "rr_lake-userdebug 10 qq3a.200905.001 16 test-keys": 8,
  "treble_arm64_bvn-userdebug 10 qq3a.200805.001 eng.luke_u.20200815.070014 test-keys": 3,
  "treble_arm64_bvn-userdebug 10 qq3a.200905.001 eng.igor.20201019.185735 test-keys": 3,
  "treble_arm64_bvn-userdebug 10 qq3a.200905.001 eng.igor.20201111.184406 test-keys": 4
}