{
  "qq3a.200805.001 test-keys": 38,
  "qq3a.200905.001 test-keys": 344,
  "rr_santoni-userdebug 10 qq3a.200805.001 eng.chillc.20200815.095202 test-keys": 22,
  "rr_santoni-userdebug 10 qq3a.200805.001 eng.jrhime.20200813.025111 test-keys": 8,
  "rr_santoni-userdebug 10 qq3a.200805.001 eng.zhan.20200814.060248 test-keys": 3,
  "rr_santoni-userdebug 10 qq3a.200805.001 eng.zhan.20200815.043454 test-keys": 2,
  "rr_santoni-userdebug 10 qq3a.200805.001 eng.zhan.20200816.140158 test-keys": 4,
  "rr_santoni-userdebug 10 qq3a.200905.001 45 release-keys": 104,
  "rr_santoni-userdebug 10 qq3a.200905.001 49 release-keys": 1,
  "rr_santoni-userdebug 10 qq3a.200905.001 eng.chillc.20200921.170715 release-keys": 1,
  "rr_santoni-userdebug 10 qq3a.200905.001 eng.chillc.20200922.094214 release-keys": 196,
  "rr_santoni-userdebug 10 qq3a.200905.001 eng.chillc.20201008.124303 release-keys": 1,
  "rr_santoni-userdebug 10 qq3a.200905.001 eng.chillc.20201009.053104 release-keys": 127,
  "rr_santoni-userdebug 10 qq3a.200905.001 eng.chillc.20201011.042757 release-keys": 1,
  "rr_santoni-userdebug 10 qq3a.200905.001 eng.chillc.20201013.113715 release-keys": 1,
  "rr_santoni-userdebug 10 qq3a.200905.001 eng.chillc.20201019.093328 release-keys": 82,
  "rr_santoni-userdebug 10 qq3a.200905.001 eng.chillc.20201021.133800 release-keys": 2,
  "rr_santoni-userdebug 10 qq3a.200905.001 eng.chillc.20201024.162530 release-keys": 1,
  "rr_santoni-userdebug 10 qq3a.200905.001 eng.chillc.20201025.104407 release-keys": 3,
  "rr_santoni-userdebug 10 qq3a.200905.001 eng.chillc.20201102.090721 release-keys": 1,
  "rr_santoni-userdebug 10 qq3a.200905.001 eng.chillc.20201109.070844 release-keys": 32,
  "rr_santoni-userdebug 10 qq3a.200905.001 eng.chillc.20201110.180741 release-keys": 106
}