{
  "rr_surya-userdebug 10 qq3a.200905.001 77 release-keys": 301,
  "rr_surya-userdebug 10 qq3a.200905.001 85 release-keys": 3,
  "rr_surya-userdebug 10 qq3a.200905.001 eng.alex-m.20201111.180535 test-keys": 57,
  "rr_surya-userdebug 10 qq3a.200905.001 eng.lostar.20201221.202538 release-keys": 1,
  "rr_surya-userdebug 10 qq3a.200905.001 eng.lostar.20201223.132701 release-keys": 1,
  "rr_surya-userdebug 10 qq3a.200905.001 eng.lostar.20201227.165346 release-keys": 182,
  "rr_surya-userdebug 10 qq3a.200905.001 eng.tushar.20201127.102334 release-keys": 9,
  "rr_surya-userdebug 10 qq3a.200905.001 eng.ubuntu.20201206.120601 release-keys": 1,
  "rr_surya-userdebug 10 qq3a.200905.001 eng.ubuntu.20201210.105853 release-keys": 107,
  "rr_surya-userdebug 10 qq3a.200905.001 eng.ubuntu.20201212.154149 release-keys": 461
}