{
  "14.1-20170828-nightly-j5lte": 1,
  "14.1-20170901-nightly-j5lte": 5,
  "14.1-20170911-nightly-j5lte": 3,
  "14.1-20170916-nightly-j5lte": 64,
  "14.1-20171027-nightly-j5lte": 13,
  "14.1-20171120-nightly-j5lte": 296,
  "15.1-20180316-nightly-j5lte": 2,
  "15.1-20180326-nightly-j5lte": 2,
  "15.1-20180404-nightly-j5lte": 1,
  "15.1-20180409-nightly-j5lte": 1,
  "15.1-20180411-nightly-j5lte": 179,
  "15.1-20180422-nightly-j5lte": 7,
  "15.1-20180425-nightly-j5lte": 1,
  "15.1-20180427-nightly-j5lte": 7,
  "15.1-20180521-nightly-j5lte": 2,
  "15.1-20180525-nightly-j5lte": 3,
  "15.1-20180602-nightly-j5lte": 3,
  "15.1-20180623-nightly-j5lte": 34,
  "15.1-20180726-nightly-j5lte": 7,
  "15.1-20180803-nightly-j5lte": 3,
  "15.1-20180811-nightly-j5lte": 4,
  "15.1-20180903-nightly-j5lte": 7,
  "15.1-20180922-nightly-j5lte": 1,
  "15.1-20181009-nightly-j5lte": 51,
  "15.1-20190101-nightly-j5lte": 146,
  "16.0-20181006-nightly-j5lte": 1,
  "16.0-20181015-nightly-j5lte": 7,
  "16.0-20181117-nightly-j5lte": 43,
  "16.0-20190102-nightly-j5lte": 185,
  "16.0-20190814-nightly-j5lte": 54,
  "16.0-20190930-nightly-j5lte": 19,
  "16.0-20191005-nightly-j5lte": 21,
  "16.0-20191015-unofficial-j5lte": 1,
  "16.0-20191227-nightly-j5lte": 198,
  "16.0-20191229-nightly-j5lte": 48,
  "16.0-20200609-unofficial-j5lte": 2,
  "16.0-20200913-unofficial-j5lte": 10,
  "16.0-20201104-unofficial-chautruongthinh-ef63": 1,
  "17.1-20200121-unofficial-j5lte": 56,
  "17.1-20200315-unofficial-j5lte": 9,
  "17.1-20200407-unofficial-j5lte": 379,
  "17.1-20200617-nightly-j5lte": 5,
  "17.1-20200618-nightly-j5lte": 50,
  "17.1-20200715-unofficial-tissot": 28,
  "17.1-20200716-unofficial-herolte": 4,
  "17.1-20200719-nightly-j5lte": 186,
  "17.1-20200821-unofficial-z3": 33,
  "17.1-20200826-nightly-j5lte": 473,
  "aosp_j5lte-userdebug 9 pq3a.190505.002 eng.esrom.20190522.155207 test-keys": 4,
  "aosp_j5lte-userdebug 9 pq3a.190505.002 eng.esrom.20190530.091451 test-keys": 1,
  "aosp_j5lte-userdebug 9 pq3a.190605.003 eng.esrom.20190703.164250 test-keys": 18,
  "lineage_j5lte-userdebug 8.1.0 opm2.171019.029 00fbfef5c4 test-keys": 1
}