{
  "14.1-20170828-nightly-j5lte": 1,
  "14.1-20170901-nightly-j5lte": 8,
  "14.1-20170911-nightly-j5lte": 3,
  "14.1-20170916-nightly-j5lte": 69,
  "14.1-20171027-nightly-j5lte": 14,
  "14.1-20171120-nightly-j5lte": 359,
  "15.1-20180316-nightly-j5lte": 2,
  "15.1-20180317-nightly-j5lte": 1,
  "15.1-20180319-nightly-j5lte": 1,
  "15.1-20180326-nightly-j5lte": 3,
  "15.1-20180404-nightly-j5lte": 1,
  "15.1-20180409-nightly-j5lte": 1,
  "15.1-20180411-nightly-j5lte": 217,
  "15.1-20180422-nightly-j5lte": 7,
  "15.1-20180425-nightly-j5lte": 1,
  "15.1-20180427-nightly-j5lte": 7,
  "15.1-20180515-nightly-j5lte": 1,
  "15.1-20180521-nightly-j5lte": 2,
  "15.1-20180525-nightly-j5lte": 3,
  "15.1-20180602-nightly-j5lte": 3,
  "15.1-20180623-nightly-j5lte": 43,
  "15.1-20180726-nightly-j5lte": 7,
  "15.1-20180803-nightly-j5lte": 4,
  "15.1-20180811-nightly-j5lte": 5,
  "15.1-20180903-nightly-j5lte": 10,
  "15.1-20180922-nightly-j5lte": 1,
  "15.1-20181009-nightly-j5lte": 62,
  "15.1-20190101-nightly-j5lte": 201,
  "15.1-20201121-unofficial-j5lte": 4,
  "15.1-20201128-unofficial-herolte": 1,
  "16.0-20181006-nightly-j5lte": 1,
  "16.0-20181015-nightly-j5lte": 10,
  "16.0-20181117-nightly-j5lte": 48,
  "16.0-20190102-nightly-j5lte": 221,
  "16.0-20190814-nightly-j5lte": 74,
  "16.0-20190930-nightly-j5lte": 23,
  "16.0-20191005-nightly-j5lte": 21,
  "16.0-20191015-unofficial-j5lte": 1,
  "16.0-20191227-nightly-j5lte": 275,
  "16.0-20191229-nightly-j5lte": 68,
  "16.0-20200609-unofficial-j5lte": 2,
  "16.0-20200913-unofficial-j5lte": 13,
  "16.0-20201014-unofficial-j5lte": 2,
  "16.0-20201104-unofficial-chautruongthinh-ef63": 1,
  "16.0-20201124-unofficial-j5lte": 1,
  "17.1-20200121-unofficial-j5lte": 90,
  "17.1-20200315-unofficial-j5lte": 10,
  "17.1-20200407-unofficial-j5lte": 502,
  "17.1-20200617-nightly-j5lte": 14,
  "17.1-20200618-nightly-j5lte": 53,
  "17.1-20200715-unofficial-tissot": 35,
  "17.1-20200716-unofficial-herolte": 5,
  "17.1-20200719-nightly-j5lte": 271,
  "17.1-20200821-unofficial-z3": 33,
  "17.1-20200826-nightly-j5lte": 721,
  "17.1-20200830-unofficial-tissot": 1,
  "17.1-20201113-unofficial-tissot": 4,
  "17.1-20201116-unofficial-z3": 2,
  "17.1-20201122-unofficial-herolte": 2,
  "17.1-20201209-unofficial-j5lte": 2,
  "18.0-20201117-unofficial-j5lte": 49,
  "aosp_j5lte-ali damiri port 9 pq3a.190505.002 eng.esrom.20190526.155207 test-keys": 1,
  "aosp_j5lte-userdebug 9 pq3a.190505.002 eng.esrom.20190522.155207 test-keys": 4,
  "aosp_j5lte-userdebug 9 pq3a.190505.002 eng.esrom.20190530.091451 test-keys": 1,
  "aosp_j5lte-userdebug 9 pq3a.190605.003 eng.esrom.20190703.164250 test-keys": 21,
  "lineage_j5lte-userdebug 8.1.0 opm2.171019.029 00fbfef5c4 test-keys": 1
}