{
  "14.1-20170828-nightly-j5lte": 1,
  "14.1-20170901-nightly-j5lte": 12,
  "14.1-20170911-nightly-j5lte": 4,
  "14.1-20170916-nightly-j5lte": 103,
  "14.1-20171027-nightly-j5lte": 16,
  "14.1-20171120-nightly-j5lte": 623,
  "15.1-20180316-nightly-j5lte": 4,
  "15.1-20180319-nightly-j5lte": 1,
  "15.1-20180320-nightly-j5lte": 4,
  "15.1-20180326-nightly-j5lte": 2,
  "15.1-20180404-nightly-j5lte": 1,
  "15.1-20180411-nightly-j5lte": 455,
  "15.1-20180422-nightly-j5lte": 12,
  "15.1-20180425-nightly-j5lte": 1,
  "15.1-20180427-nightly-j5lte": 12,
  "15.1-20180515-nightly-j5lte": 1,
  "15.1-20180521-nightly-j5lte": 1,
  "15.1-20180525-nightly-j5lte": 5,
  "15.1-20180529-nightly-j5lte": 1,
  "15.1-20180531-nightly-j5lte": 1,
  "15.1-20180602-nightly-j5lte": 7,
  "15.1-20180623-nightly-j5lte": 61,
  "15.1-20180726-nightly-j5lte": 15,
  "15.1-20180803-nightly-j5lte": 10,
  "15.1-20180811-nightly-j5lte": 8,
  "15.1-20180903-nightly-j5lte": 21,
  "15.1-20180922-nightly-j5lte": 1,
  "15.1-20181009-nightly-j5lte": 103,
  "15.1-20190101-nightly-j5lte": 273,
  "16.0-20181006-nightly-j5lte": 2,
  "16.0-20181015-nightly-j5lte": 19,
  "16.0-20181117-nightly-j5lte": 165,
  "16.0-20190102-nightly-j5lte": 536,
  "16.0-20190814-nightly-j5lte": 208,
  "16.0-20190930-nightly-j5lte": 106,
  "16.0-20191005-nightly-j5lte": 50,
  "16.0-20191009-unofficial-j5lte": 2,
  "16.0-20191015-unofficial-j5lte": 6,
  "16.0-20191023-unofficial-j5lte": 2,
  "16.0-20191113-unofficial-j5lte": 2,
  "16.0-20191212-unofficial-j5lte": 10,
  "16.0-20191227-nightly-j5lte": 510,
  "16.0-20191229-nightly-j5lte": 203,
  "16.0-20200117-unofficial-j5lte": 51,
  "16.0-20200212-unofficial-j5lte": 14,
  "16.0-20200213-unofficial-j5lte": 1,
  "17.1-20200121-official-j5lte": 1,
  "17.1-20200121-unofficial-j5lte": 417,
  "17.1-20200315-unofficial-j5lte": 61,
  "aosp_j5lte-userdebug 9 pq3a.190505.002 eng.esrom.20190522.155207 test-keys": 16,
  "aosp_j5lte-userdebug 9 pq3a.190505.002 eng.esrom.20190530.091451 test-keys": 13,
  "aosp_j5lte-userdebug 9 pq3a.190605.003 eng.esrom.20190703.164250 test-keys": 77,
  "lineage_j5lte-userdebug 8.1.0 opm2.171019.029 00fbfef5c4 test-keys": 1
}