{
  "14.1-20170901-nightly-j5lte": 5,
  "14.1-20170911-nightly-j5lte": 3,
  "14.1-20170916-nightly-j5lte": 60,
  "14.1-20171027-nightly-j5lte": 12,
  "14.1-20171120-nightly-j5lte": 269,
  "15.1-20180316-nightly-j5lte": 2,
  "15.1-20180326-nightly-j5lte": 2,
  "15.1-20180404-nightly-j5lte": 1,
  "15.1-20180409-nightly-j5lte": 1,
  "15.1-20180411-nightly-j5lte": 162,
  "15.1-20180422-nightly-j5lte": 7,
  "15.1-20180427-nightly-j5lte": 6,
  "15.1-20180521-nightly-j5lte": 2,
  "15.1-20180525-nightly-j5lte": 2,
  "15.1-20180602-nightly-j5lte": 3,
  "15.1-20180623-nightly-j5lte": 32,
  "15.1-20180726-nightly-j5lte": 6,
  "15.1-20180803-nightly-j5lte": 3,
  "15.1-20180811-nightly-j5lte": 4,
  "15.1-20180903-nightly-j5lte": 7,
  "15.1-20180922-nightly-j5lte": 1,
  "15.1-20181009-nightly-j5lte": 47,
  "15.1-20190101-nightly-j5lte": 128,
  "16.0-20181006-nightly-j5lte": 1,
  "16.0-20181015-nightly-j5lte": 7,
  "16.0-20181117-nightly-j5lte": 37,
  "16.0-20190102-nightly-j5lte": 176,
  "16.0-20190814-nightly-j5lte": 53,
  "16.0-20190930-nightly-j5lte": 15,
  "16.0-20191005-nightly-j5lte": 20,
  "16.0-20191015-unofficial-j5lte": 1,
  "16.0-20191227-nightly-j5lte": 159,
  "16.0-20191229-nightly-j5lte": 41,
  "16.0-20200609-unofficial-j5lte": 2,
  "16.0-20200913-unofficial-j5lte": 9,
  "17.1-20200121-unofficial-j5lte": 45,
  "17.1-20200315-unofficial-j5lte": 8,
  "17.1-20200407-unofficial-j5lte": 326,
  "17.1-20200617-nightly-j5lte": 5,
  "17.1-20200618-nightly-j5lte": 48,
  "17.1-20200715-unofficial-tissot": 10,
  "17.1-20200716-unofficial-herolte": 4,
  "17.1-20200719-nightly-j5lte": 151,
  "17.1-20200821-unofficial-z3": 33,
  "17.1-20200826-nightly-j5lte": 341,
  "aosp_j5lte-userdebug 9 pq3a.190505.002 eng.esrom.20190522.155207 test-keys": 1,
  "aosp_j5lte-userdebug 9 pq3a.190505.002 eng.esrom.20190530.091451 test-keys": 1,
  "aosp_j5lte-userdebug 9 pq3a.190605.003 eng.esrom.20190703.164250 test-keys": 17
}