{
  "14.1-20170901-nightly-j5lte": 3,
  "14.1-20170911-nightly-j5lte": 3,
  "14.1-20170916-nightly-j5lte": 50,
  "14.1-20171027-nightly-j5lte": 6,
  "14.1-20171120-nightly-j5lte": 238,
  "15.1-20180316-nightly-j5lte": 2,
  "15.1-20180326-nightly-j5lte": 2,
  "15.1-20180404-nightly-j5lte": 1,
  "15.1-20180409-nightly-j5lte": 1,
  "15.1-20180411-nightly-j5lte": 136,
  "15.1-20180422-nightly-j5lte": 6,
  "15.1-20180427-nightly-j5lte": 6,
  "15.1-20180521-nightly-j5lte": 2,
  "15.1-20180525-nightly-j5lte": 2,
  "15.1-20180602-nightly-j5lte": 3,
  "15.1-20180623-nightly-j5lte": 30,
  "15.1-20180726-nightly-j5lte": 4,
  "15.1-20180803-nightly-j5lte": 3,
  "15.1-20180811-nightly-j5lte": 1,
  "15.1-20180903-nightly-j5lte": 7,
  "15.1-20180922-nightly-j5lte": 1,
  "15.1-20181009-nightly-j5lte": 41,
  "15.1-20190101-nightly-j5lte": 97,
  "16.0-20181006-nightly-j5lte": 1,
  "16.0-20181015-nightly-j5lte": 6,
  "16.0-20181117-nightly-j5lte": 32,
  "16.0-20190102-nightly-j5lte": 157,
  "16.0-20190814-nightly-j5lte": 48,
  "16.0-20190930-nightly-j5lte": 14,
  "16.0-20191005-nightly-j5lte": 13,
  "16.0-20191015-unofficial-j5lte": 1,
  "16.0-20191227-nightly-j5lte": 132,
  "16.0-20191229-nightly-j5lte": 27,
  "16.0-20200609-unofficial-j5lte": 2,
  "16.0-20200913-unofficial-j5lte": 6,
  "17.1-20200121-unofficial-j5lte": 30,
  "17.1-20200315-unofficial-j5lte": 8,
  "17.1-20200407-unofficial-j5lte": 177,
  "17.1-20200617-nightly-j5lte": 2,
  "17.1-20200618-nightly-j5lte": 42,
  "17.1-20200715-unofficial-tissot": 5,
  "17.1-20200716-unofficial-herolte": 4,
  "17.1-20200719-nightly-j5lte": 112,
  "17.1-20200826-nightly-j5lte": 214,
  "aosp_j5lte-userdebug 9 pq3a.190505.002 eng.esrom.20190530.091451 test-keys": 1,
  "aosp_j5lte-userdebug 9 pq3a.190605.003 eng.esrom.20190703.164250 test-keys": 5
}