{
  "13.0-20170829-nightly-j5lte": 1,
  "14.1-20170828-nightly-j5lte": 4,
  "14.1-20170901-nightly-j5lte": 22,
  "14.1-20170911-nightly-j5lte": 5,
  "14.1-20170916-nightly-j5lte": 173,
  "14.1-20171027-nightly-j5lte": 10,
  "14.1-20171120-nightly-j5lte": 822,
  "15.1-20180316-nightly-j5lte": 4,
  "15.1-20180317-nightly-j5lte": 2,
  "15.1-20180319-nightly-j5lte": 1,
  "15.1-20180320-nightly-j5lte": 13,
  "15.1-20180326-nightly-j5lte": 30,
  "15.1-20180402-nightly-j5lte": 2,
  "15.1-20180403-nightly-j5lte": 3,
  "15.1-20180404-nightly-j5lte": 3,
  "15.1-20180410-nightly-j5lte": 2,
  "15.1-20180411-nightly-j5lte": 766,
  "15.1-20180422-nightly-j5lte": 15,
  "15.1-20180425-nightly-j5lte": 1,
  "15.1-20180426-nightly-j5lte": 1,
  "15.1-20180427-nightly-j5lte": 25,
  "15.1-20180515-nightly-j5lte": 2,
  "15.1-20180520-nightly-j5lte": 1,
  "15.1-20180521-nightly-j5lte": 2,
  "15.1-20180523-nightly-j5lte": 2,
  "15.1-20180525-nightly-j5lte": 11,
  "15.1-20180529-nightly-j5lte": 2,
  "15.1-20180531-nightly-j5lte": 2,
  "15.1-20180602-nightly-j5lte": 6,
  "15.1-20180623-nightly-j5lte": 123,
  "15.1-20180726-nightly-j5lte": 46,
  "15.1-20180803-nightly-j5lte": 15,
  "15.1-20180811-nightly-j5lte": 29,
  "15.1-20180903-nightly-j5lte": 24,
  "15.1-20180922-nightly-j5lte": 16,
  "15.1-20181009-nightly-j5lte": 100,
  "15.1-20190101-nightly-j5lte": 320,
  "16.0-20181006-nightly-j5lte": 46,
  "16.0-20181015-nightly-j5lte": 60,
  "16.0-20181117-nightly-j5lte": 104,
  "16.0-20190102-nightly-j5lte": 1039,
  "16.0-20190607-unofficial-j5lte": 1,
  "16.0-20190617-unofficial-j5lte": 8,
  "16.0-20190629-unofficial-j5lte": 1,
  "16.0-20190630-unofficial-j5lte": 5,
  "16.0-20190703-unofficial-j5lte": 3,
  "aosp_j5lte-userdebug 9 pq3a.190505.002 eng.esrom.20190522.073312 test-keys": 1,
  "aosp_j5lte-userdebug 9 pq3a.190505.002 eng.esrom.20190522.155207 test-keys": 145,
  "aosp_j5lte-userdebug 9 pq3a.190505.002 eng.esrom.20190529.170718 test-keys": 1,
  "aosp_j5lte-userdebug 9 pq3a.190505.002 eng.esrom.20190530.091451 test-keys": 148,
  "aosp_j5lte-userdebug 9 pq3a.190605.003 eng.esrom.20190702.074329 test-keys": 1,
  "aosp_j5lte-userdebug 9 pq3a.190605.003 eng.esrom.20190702.173733 test-keys": 1,
  "aosp_j5lte-userdebug 9 pq3a.190605.003 eng.esrom.20190703.164250 test-keys": 63,
  "lineage_j5lte-userdebug 8.1.0 opm1.171019.021 8b3e0ae960 test-keys": 1,
  "lineage_j5lte-userdebug 8.1.0 opm2.171019.029 00fbfef5c4 test-keys": 1
}