{
  "14.1-20170901-nightly-j5lte": 5,
  "14.1-20170911-nightly-j5lte": 3,
  "14.1-20170916-nightly-j5lte": 62,
  "14.1-20171027-nightly-j5lte": 13,
  "14.1-20171120-nightly-j5lte": 289,
  "15.1-20180316-nightly-j5lte": 2,
  "15.1-20180326-nightly-j5lte": 2,
  "15.1-20180404-nightly-j5lte": 1,
  "15.1-20180409-nightly-j5lte": 1,
  "15.1-20180411-nightly-j5lte": 169,
  "15.1-20180422-nightly-j5lte": 7,
  "15.1-20180427-nightly-j5lte": 7,
  "15.1-20180521-nightly-j5lte": 2,
  "15.1-20180525-nightly-j5lte": 3,
  "15.1-20180602-nightly-j5lte": 3,
  "15.1-20180623-nightly-j5lte": 33,
  "15.1-20180726-nightly-j5lte": 7,
  "15.1-20180803-nightly-j5lte": 3,
  "15.1-20180811-nightly-j5lte": 4,
  "15.1-20180903-nightly-j5lte": 7,
  "15.1-20180922-nightly-j5lte": 1,
  "15.1-20181009-nightly-j5lte": 49,
  "15.1-20190101-nightly-j5lte": 142,
  "16.0-20181006-nightly-j5lte": 1,
  "16.0-20181015-nightly-j5lte": 7,
  "16.0-20181117-nightly-j5lte": 41,
  "16.0-20190102-nightly-j5lte": 179,
  "16.0-20190814-nightly-j5lte": 54,
  "16.0-20190930-nightly-j5lte": 17,
  "16.0-20191005-nightly-j5lte": 20,
  "16.0-20191015-unofficial-j5lte": 1,
  "16.0-20191227-nightly-j5lte": 184,
  "16.0-20191229-nightly-j5lte": 45,
  "16.0-20200609-unofficial-j5lte": 2,
  "16.0-20200913-unofficial-j5lte": 9,
  "17.1-20200121-unofficial-j5lte": 50,
  "17.1-20200315-unofficial-j5lte": 9,
  "17.1-20200407-unofficial-j5lte": 350,
  "17.1-20200617-nightly-j5lte": 5,
  "17.1-20200618-nightly-j5lte": 49,
  "17.1-20200715-unofficial-tissot": 19,
  "17.1-20200716-unofficial-herolte": 4,
  "17.1-20200719-nightly-j5lte": 172,
  "17.1-20200821-unofficial-z3": 33,
  "17.1-20200826-nightly-j5lte": 414,
  "aosp_j5lte-userdebug 9 pq3a.190505.002 eng.esrom.20190522.155207 test-keys": 3,
  "aosp_j5lte-userdebug 9 pq3a.190505.002 eng.esrom.20190530.091451 test-keys": 1,
  "aosp_j5lte-userdebug 9 pq3a.190605.003 eng.esrom.20190703.164250 test-keys": 18
}