{
  "16.0-20191013-unofficial-a70q": 1,
  "16.0-20191014-unofficial-a70q": 21,
  "17.0-20191203-unofficial-a70q": 3,
  "17.0-20191230-unofficial-a70q": 1,
  "17.1-20200213-unofficial-a70q": 657,
  "17.1-20200715-unofficial-tissot": 1,
  "17.1-20200717-unofficial-a70q": 9,
  "17.1-20200820-unofficial-a70q": 4,
  "17.1-20200821-unofficial-z3": 16,
  "17.1-20201009-unofficial-a70q": 2,
  "17.1-20201010-unofficial-a70q": 2,
  "17.1-20201013-unofficial-a70q": 5,
  "17.1-20201014-unofficial-a70q": 1,
  "17.1-20201015-unofficial-a70q": 2,
  "17.1-20201020-unofficial-a70q": 1,
  "17.1-20201103-unofficial-a70q": 22,
  "17.1-20201104-unofficial-a70q": 3,
  "17.1-20201106-unofficial-a70q": 5,
  "17.1-20201111-unofficial-a70q": 117,
  "17.1-20201119-unofficial-a70q": 2,
  "17.1-20201120-unofficial-a70q": 2,
  "17.1-20201121-unofficial-a70q": 6,
  "17.1-20201123-unofficial-a70q": 5,
  "17.1-20201124-unofficial-a70q": 5,
  "17.1-20201125-unofficial-a70q": 5,
  "17.1-20201128-unofficial-a70q": 1,
  "17.1-20201206-unofficial-a70q": 110,
  "17.1-20201218-unofficial-a70q": 4,
  "17.1-20201219-unofficial-a70q": 2,
  "treble_arm64_bvn-userdebug 10 qq3a.200805.001 eng.luke_u.20200815.070014 test-keys": 1,
  "treble_arm64_bvn-userdebug 10 qq3a.200905.001 eng.igor.20201013.190840 test-keys": 4,
  "treble_arm64_bvn-userdebug 10 qq3a.200905.001 eng.igor.20201019.185735 test-keys": 4,
  "treble_arm64_bvn-userdebug 10 qq3a.200905.001 eng.igor.20201111.184406 test-keys": 1
}