{
  "10.0-20200910-unofficial-snapshot-platina": 9,
  "10.0-20201004-unofficial-snapshot-platina": 19,
  "10.0-20201027-unofficial-snapshot-platina": 24,
  "10.0-20201031-unofficial-snapshot-platina": 17,
  "15.1-20200926-unofficial-oneplus3": 1,
  "16.0-20190216-unofficial-platina": 30,
  "16.0-20190822-unofficial-platina": 5,
  "17.1-20200320-unofficial-platina": 28,
  "17.1-20200322-unofficial-platina": 77,
  "17.1-20200418-unofficial-platina": 2,
  "17.1-20200513-unofficial-platina": 1,
  "17.1-20200614-unofficial-platina": 22,
  "17.1-20200627-unofficial-platina": 1,
  "17.1-20200821-unofficial-z3": 967,
  "17.1-20201028-unofficial-platina": 2,
  "17.1-20201030-unofficial-platina": 1,
  "dreamqltezc-user 7.1.2r16nw 7m32233782 release-keys": 1,
  "lineage-platina": 4,
  "lineage_oneplus3-userdebug 7.1.2 njh47f 70f7b89444 test-keys": 1,
  "lineage_platina-userdebug 10 qq2a.200501.001.b2 eng.rudy.20200522.024710 test-keys": 2,
  "lineage_platina-userdebug 10 qq3a.200605.001 eng.rudy.20200624.075205 test-keys": 2,
  "lineage_platina-userdebug 10 qq3a.200705.002 eng.rudy.20200712.085349 test-keys": 11,
  "njh47f release-keys": 1,
  "platina-user 7.1.2pkq1.181007.001 01ho19kezt release-keys": 1,
  "platina-user 7.1.2pkq1.181007.001 07if2l6c6r release-keys": 1,
  "platina-user 7.1.2pkq1.181007.001 08c9i2vt6a release-keys": 1,
  "platina-user 7.1.2pkq1.181007.001 0c516w05ct release-keys": 1,
  "platina-user 7.1.2pkq1.181007.001 0e1nxxs7tp release-keys": 1,
  "platina-user 7.1.2pkq1.181007.001 0y22fx2ist release-keys": 1,
  "platina-user 7.1.2pkq1.181007.001 17k64e84p3 release-keys": 1,
  "platina-user 7.1.2pkq1.181007.001 19t2fbc3k7 release-keys": 1,
  "platina-user 7.1.2pkq1.181007.001 1h4uu6w7qy release-keys": 1,
  "platina-user 7.1.2pkq1.181007.001 1qm23qan98 release-keys": 1,
  "platina-user 7.1.2pkq1.181007.001 1ybu10eti3 release-keys": 1,
  "platina-user 7.1.2pkq1.181007.001 28nsel3q8y release-keys": 1,
  "platina-user 7.1.2pkq1.181007.001 2f30c8pw22 release-keys": 1,
  "platina-user 7.1.2pkq1.181007.001 2oc051mt8t release-keys": 1,
  "platina-user 7.1.2pkq1.181007.001 2we6b027ta release-keys": 1,
  "platina-user 7.1.2pkq1.181007.001 319l061726 release-keys": 1,
  "platina-user 7.1.2pkq1.181007.001 32phb1uj4j release-keys": 1,
  "platina-user 7.1.2pkq1.181007.001 3e422m3bv0 release-keys": 1,
  "platina-user 7.1.2pkq1.181007.001 3on98m4m3j release-keys": 1,
  "platina-user 7.1.2pkq1.181007.001 3ug9m9d749 release-keys": 1,
  "platina-user 7.1.2pkq1.181007.001 453j8dj9lp release-keys": 1,
  "platina-user 7.1.2pkq1.181007.001 48y22owhg4 release-keys": 1,
  "platina-user 7.1.2pkq1.181007.001 49y465b917 release-keys": 1,
  "platina-user 7.1.2pkq1.181007.001 4lfdfd9edp release-keys": 1,
  "platina-user 7.1.2pkq1.181007.001 57v716ozmb release-keys": 1,
  "platina-user 7.1.2pkq1.181007.001 5c30l176yh release-keys": 1,
  "platina-user 7.1.2pkq1.181007.001 5g14iest44 release-keys": 1,
  "platina-user 7.1.2pkq1.181007.001 5g7o733o33 release-keys": 1,
  "platina-user 7.1.2pkq1.181007.001 5i299cn020 release-keys": 1,
  "platina-user 7.1.2pkq1.181007.001 5l1200vby3 release-keys": 1,
  "platina-user 7.1.2pkq1.181007.001 5o9506mvwx release-keys": 1,
  "platina-user 7.1.2pkq1.181007.001 5tckwgbts8 release-keys": 1,
  "platina-user 7.1.2pkq1.181007.001 63k1m95n6m release-keys": 1,
  "platina-user 7.1.2pkq1.181007.001 68i35lj592 release-keys": 1,
  "platina-user 7.1.2pkq1.181007.001 6w76fpz090 release-keys": 1,
  "platina-user 7.1.2pkq1.181007.001 731tm22fpz release-keys": 1,
  "platina-user 7.1.2pkq1.181007.001 7k75m9yj45 release-keys": 1,
  "platina-user 7.1.2pkq1.181007.001 8137mt3ic9 release-keys": 1,
  "platina-user 7.1.2pkq1.181007.001 88i854dy8o release-keys": 1,
  "platina-user 7.1.2pkq1.181007.001 8anr6p6n75 release-keys": 1,
  "platina-user 7.1.2pkq1.181007.001 8g3itr85dr release-keys": 1,
  "platina-user 7.1.2pkq1.181007.001 8qj11611g3 release-keys": 1,
  "platina-user 7.1.2pkq1.181007.001 8u3o6vvsk5 release-keys": 1,
  "platina-user 7.1.2pkq1.181007.001 9184pm8j02 release-keys": 1,
  "platina-user 7.1.2pkq1.181007.001 91q6n8k3qm release-keys": 1,
  "platina-user 7.1.2pkq1.181007.001 92632o3sp2 release-keys": 1,
  "platina-user 7.1.2pkq1.181007.001 92k7141a2q release-keys": 1,
  "platina-user 7.1.2pkq1.181007.001 9ava189kuc release-keys": 1,
  "platina-user 7.1.2pkq1.181007.001 9bz3757v7u release-keys": 1,
  "platina-user 7.1.2pkq1.181007.001 9oskevsch4 release-keys": 1,
  "platina-user 7.1.2pkq1.181007.001 9qs71c2q71 release-keys": 1,
  "platina-user 7.1.2pkq1.181007.001 a1443y9ao5 release-keys": 1,
  "platina-user 7.1.2pkq1.181007.001 a906b5u2i5 release-keys": 1,
  "platina-user 7.1.2pkq1.181007.001 alu45jdqpn release-keys": 1,
  "platina-user 7.1.2pkq1.181007.001 b788m60x30 release-keys": 1,
  "platina-user 7.1.2pkq1.181007.001 bmb460h49z release-keys": 1,
  "platina-user 7.1.2pkq1.181007.001 c7w8o3pzm3 release-keys": 1,
  "platina-user 7.1.2pkq1.181007.001 cn6c85iu73 release-keys": 1,
  "platina-user 7.1.2pkq1.181007.001 ctw909ai30 release-keys": 1,
  "platina-user 7.1.2pkq1.181007.001 cw66hi1sw8 release-keys": 1,
  "platina-user 7.1.2pkq1.181007.001 dml0379689 release-keys": 1,
  "platina-user 7.1.2pkq1.181007.001 dv06uzmf91 release-keys": 1,
  "platina-user 7.1.2pkq1.181007.001 dv49qko9u8 release-keys": 1,
  "platina-user 7.1.2pkq1.181007.001 ec01892h5w release-keys": 1,
  "platina-user 7.1.2pkq1.181007.001 gl763vt630 release-keys": 1,
  "platina-user 7.1.2pkq1.181007.001 h775n2y4au release-keys": 1,
  "platina-user 7.1.2pkq1.181007.001 i61441qezv release-keys": 1,
  "platina-user 7.1.2pkq1.181007.001 jq3oi27a77 release-keys": 1,
  "platina-user 7.1.2pkq1.181007.001 kfym3y3acs release-keys": 1,
  "platina-user 7.1.2pkq1.181007.001 l0a93g3lmd release-keys": 1,
  "platina-user 7.1.2pkq1.181007.001 lidx323v49 release-keys": 1,
  "platina-user 7.1.2pkq1.181007.001 ll51zcla17 release-keys": 1,
  "platina-user 7.1.2pkq1.181007.001 lty5ljw7ns release-keys": 1,
  "platina-user 7.1.2pkq1.181007.001 m41l5xcrfs release-keys": 1,
  "platina-user 7.1.2pkq1.181007.001 m7ubyzdjq1 release-keys": 1,
  "platina-user 7.1.2pkq1.181007.001 n22t7q57mu release-keys": 1,
  "platina-user 7.1.2pkq1.181007.001 n48xehn47e release-keys": 1,
  "platina-user 7.1.2pkq1.181007.001 o265g2f3vy release-keys": 1,
  "platina-user 7.1.2pkq1.181007.001 oo1zvyi12d release-keys": 1,
  "platina-user 7.1.2pkq1.181007.001 oxm7nk8pa4 release-keys": 1,
  "platina-user 7.1.2pkq1.181007.001 p6c3wqul97 release-keys": 1,
  "platina-user 7.1.2pkq1.181007.001 q9waepba36 release-keys": 1,
  "platina-user 7.1.2pkq1.181007.001 rwf6098b54 release-keys": 1,
  "platina-user 7.1.2pkq1.181007.001 sszul5lbt0 release-keys": 1,
  "platina-user 7.1.2pkq1.181007.001 t7ad5oxq8o release-keys": 1,
  "platina-user 7.1.2pkq1.181007.001 tr8i0f0196 release-keys": 1,
  "platina-user 7.1.2pkq1.181007.001 vvi0n4p974 release-keys": 1,
  "platina-user 7.1.2pkq1.181007.001 w43111olep release-keys": 1,
  "platina-user 7.1.2pkq1.181007.001 x494djau22 release-keys": 1,
  "platina-user 7.1.2pkq1.181007.001 xb70dldsnt release-keys": 1,
  "platina-user 7.1.2pkq1.181007.001 xoi50v76d5 release-keys": 1,
  "platina-user 7.1.2pkq1.181007.001 xwz9e82gx4 release-keys": 1,
  "platina-user 7.1.2pkq1.181007.001 y0vf2370v6 release-keys": 1,
  "platina-user 7.1.2pkq1.181007.001 yekwv46771 release-keys": 1,
  "platina-user 7.1.2pkq1.181007.001 ylw6043dfp release-keys": 1,
  "platina-user 7.1.2pkq1.181007.001 yo5g3j7gyp release-keys": 1,
  "platina-user 7.1.2pkq1.181007.001 z079mas45s release-keys": 1,
  "platina-user 7.1.2pkq1.181007.001 zw60u7hs8v release-keys": 1,
  "qq3a.200605.001": 17,
  "rr_platina-userdebug 10 qq3a.200805.001 eng.rudy.20200812.080757 test-keys": 30,
  "rr_platina-userdebug 10 qq3a.200805.001 eng.rudy.20200815.170403 test-keys": 3,
  "rr_platina-userdebug 10 qq3a.200805.001 eng.rudy.20200823.193344 test-keys": 92
}