{
  "0.11-q-20200914-unofficial-daisy": 1,
  "16.0-20190406-unofficial-daisy": 7,
  "16.0-20190518-unofficial-daisy": 1,
  "16.0-20190601-unofficial-daisy": 1,
  "16.0-20190605-unofficial-daisy": 4,
  "16.0-20190703-unofficial-daisy": 1,
  "16.0-20190719-unofficial-daisy": 63,
  "16.0-20190804-unofficial-daisy": 14,
  "16.0-20190811-unofficial-daisy": 27,
  "17.1-20200115-unofficial-daisy": 1,
  "17.1-20200413-unofficial-daisy": 2,
  "17.1-20200426-unofficial-daisy": 1,
  "17.1-20200504-unofficial-daisy": 1,
  "17.1-20200505-unofficial-daisy": 1,
  "17.1-20200519-unofficial-daisy": 94,
  "17.1-20200525-unofficial-daisy": 1,
  "17.1-20200526-unofficial-daisy": 55,
  "17.1-20200527-unofficial-daisy": 9,
  "17.1-20200625-unofficial-daisy": 1,
  "17.1-20200704-unofficial-daisy": 1,
  "17.1-20200711-unofficial-daisy": 5,
  "17.1-20200802-unofficial-daisy": 49,
  "17.1-20200809-unofficial-daisy": 6,
  "17.1-20200821-unofficial-z3": 82,
  "17.1-20200827-unofficial-daisy": 1,
  "17.1-20200831-unofficial-daisy": 44,
  "17.1-20200906-unofficial-daisy": 8,
  "17.1-20200907-unofficial-daisy": 60,
  "17.1-20200913-unofficial-daisy": 1,
  "17.1-20200916-unofficial-daisy": 42,
  "17.1-20200917-unofficial-daisy": 6,
  "17.1-20201005-unofficial-daisy": 8,
  "17.1-20201011-unofficial-daisy": 104,
  "17.1-20201012-unofficial-daisy": 10,
  "17.1-20201013-unofficial-daisy": 10,
  "17.1-20201017-unofficial-daisy": 19,
  "17.1-20201021-unofficial-daisy": 6,
  "17.1-20201115-unofficial-daisy": 82,
  "17.1-20201124-unofficial-daisy": 10,
  "17.1-20201212-unofficial-daisy": 1,
  "18.0-20201030-unofficial-daisy": 2,
  "18.0-20201031-unofficial-daisy": 5,
  "18.0-20201101-unofficial-daisy": 11,
  "18.0-20201108-unofficial-daisy": 15,
  "18.0-20201126-unofficial-daisy": 3,
  "18.0-20201207-unofficial-daisy": 2,
  "18.0-20201217-unofficial-daisy": 1,
  "18.0-20201218-unofficial-daisy": 1,
  "18.1-20201212-unofficial-daisy": 22,
  "18.1-20201217-unofficial-daisy": 2,
  "3.r.beta3": 22,
  "mi a2 lite": 47,
  "neutron_daisy-userdebug 10 qq3a.200805.001 eng.ubuntu.20200918.045019 test-keys": 2,
  "qq3a.200705.002": 6,
  "qq3a.200805.001": 3,
  "treble_arm64_bgn-userdebug 10 qq3a.200905.001 eng.diust.20201122.154631 test-keys": 7,
  "treble_arm64_bvn-userdebug 10 qq3a.200905.001 eng.diust.20201120.084731 test-keys": 1,
  "treble_arm64_bvn-userdebug 10 qq3a.200905.001 eng.igor.20201013.190840 test-keys": 2,
  "treble_arm64_bvn-userdebug 10 qq3a.200905.001 eng.igor.20201019.185735 test-keys": 1,
  "treble_arm64_bvn-userdebug 10 qq3a.200905.001 eng.igor.20201111.184406 test-keys": 8
}