{
  "15.1-20181218-unofficial-daisy": 3,
  "15.1-20190219-unofficial-daisy": 2,
  "16.0-20190406-unofficial-daisy": 39,
  "16.0-20190502-unofficial-daisy": 155,
  "16.0-20190503-unofficial-daisy": 1,
  "16.0-20190511-unofficial-daisy": 3,
  "16.0-20190516-unofficial-daisy": 1,
  "16.0-20190517-unofficial-daisy": 13,
  "16.0-20190518-unofficial-daisy": 127,
  "16.0-20190521-unofficial-daisy": 1,
  "16.0-20190523-unofficial-daisy": 6,
  "16.0-20190526-unofficial-daisy": 3,
  "16.0-20190527-unofficial-daisy": 34,
  "16.0-20190529-unofficial-daisy": 43,
  "16.0-20190530-unofficial-daisy": 126,
  "16.0-20190601-unofficial-daisy": 84,
  "16.0-20190602-unofficial-daisy": 1,
  "16.0-20190605-unofficial-daisy": 324,
  "16.0-20190606-unofficial-daisy": 35,
  "16.0-20190609-unofficial-daisy": 84,
  "16.0-20190617-unofficial-daisy": 1,
  "16.0-20190618-unofficial-daisy": 3,
  "16.0-20190629-unofficial-daisy": 2,
  "16.0-20190701-unofficial-daisy": 5,
  "16.0-20190702-unofficial-daisy": 4,
  "16.0-20190703-unofficial-daisy": 82,
  "16.0-20190708-unofficial-daisy": 124,
  "16.0-20190717-unofficial-daisy": 10,
  "16.0-20190718-unofficial-daisy": 8,
  "16.0-20190719-unofficial-daisy": 239,
  "16.0-20190730-unofficial-daisy": 3,
  "aosp_daisy-userdebug 9 pq3a.190605.003 eng.vmanoe.20190615.001323 test-keys": 1,
  "aosp_daisy-userdebug 9 pq3a.190705.003 eng.furyfo.20190710.130543 test-keys": 5,
  "aosp_daisy-userdebug 9 pq3a.190705.003 eng.furyfo.20190711.151321 test-keys": 14,
  "aosp_daisy-userdebug 9 pq3a.190705.003 eng.furyfo.20190716.144131 test-keys": 22,
  "daisy-pie-20190515-1028-unofficial": 1,
  "daisy-pie-20190516-0801-unofficial": 1,
  "daisy-pie-20190516-1242-unofficial": 2
}