{
  "17.1-20200509-unofficial-curtana": 24,
  "17.1-20200718-unofficial-curtana": 14,
  "17.1-20200721-unofficial-curtana": 1,
  "17.1-20200802-unofficial-curtana": 4,
  "17.1-20200809-experimental-curtana": 1,
  "17.1-20200826-experimental-curtana": 1,
  "17.1-20200904-experimental-curtana": 32,
  "17.1-20200914-unofficial-curtana": 2,
  "17.1-20200917-unofficial-curtana": 61,
  "17.1-20200929-unofficial-curtana": 1,
  "17.1-20201004-unofficial-curtana": 1,
  "17.1-20201007-unofficial-curtana": 101,
  "17.1-20201008-unofficial-curtana": 77,
  "17.1-20201018-unofficial-curtana": 180,
  "17.1-20201027-unofficial-curtana": 1,
  "17.1-20201111-experimental-curtana": 14,
  "17.1-20201113-unofficial-curtana": 168,
  "17.1-20201212-unofficial-curtana": 1,
  "17.1-20201215-unofficial-curtana": 254,
  "17.1-20201217-unofficial-curtana": 1,
  "5.1-20201111-sana_public-curtana": 1,
  "5.1-20201227-sana_public-curtana": 1,
  "njh47f release-keys": 2,
  "qq3a.200705.002": 1,
  "qq3a.200805.001": 11,
  "rr_curtana-userdebug 10 qq3a.200805.001 eng.jamieh.20200825.180500 test-keys": 15,
  "rr_curtana-userdebug 10 qq3a.200805.001 eng.jamieh.20200827.081809 test-keys": 7,
  "rr_curtana-userdebug 10 qq3a.200905.001 eng.henlob.20200911.161149 release-keys": 28,
  "rr_curtana-userdebug 10 qq3a.200905.001 eng.henlob.20201013.123842 release-keys": 116,
  "rr_curtana-userdebug 10 qq3a.200905.001 eng.henlob.20201023.193324 release-keys": 181,
  "rr_curtana-userdebug 10 qq3a.200905.001 eng.jamieh.20200928.081824 release-keys": 118
}