{
  "1.0-20180726-m\u89bazrak-ugglite": 1,
  "1.0-20180726-unofficial-m\u89bazrak-ugglite": 13,
  "14.1-20180128-unofficial-ugglite": 1,
  "14.1-20180614-unofficial-ugglite": 11,
  "14.1-20180618-unofficial-mbtt-ugglite": 27,
  "14.1-20180620-unofficial-mbtt-ugglite": 1372,
  "14.1-20180624-unofficial-hybriss-ugglite": 10,
  "14.1-20190212-unofficial-ugglite": 3,
  "14.1-20190224-unofficial-nayef-ugglite": 4,
  "14.1-20190227-nightly-ugglite": 1,
  "14.1-20190307-unofficial-nayef-ugglite": 27,
  "14.1.0-ugglite": 179,
  "15.1-20180726-unofficial-ugglite": 3,
  "15.1-20190210-unofficial-mbtt-ugglite": 3,
  "15.1-20200530-unofficial-ugglite": 26,
  "15.1-20200927-unofficial-ugglite": 1,
  "15.1-20200928-unofficial-ugglite": 4,
  "15.1-20201001-unofficial-ugglite": 4,
  "15.1-20201002-unofficial-ugglite": 8,
  "15.1-20201005-unofficial-ugglite": 8,
  "15.1-20201006-unofficial-ugglite": 3,
  "15.1-20201007-unofficial-ugglite": 13,
  "16.0-20190828-unofficial-ugglite": 142,
  "16.0-20200326-unofficial-ugglite": 1,
  "16.0-20200531-unofficial-ugglite": 4,
  "16.0-20200628-unofficial-ugglite": 8,
  "16.0-20200720-unofficial-ugglite": 3,
  "16.0-20200820-unofficial-ugglite": 12,
  "17.0-20200109-unofficial-ugglite": 17,
  "17.1-20200422-unofficial-ugglite": 1,
  "17.1-20200430-unofficial-ugglite": 1,
  "17.1-20200613-unofficial-ugglite": 6,
  "17.1-20200723-unofficial-ugglite": 69,
  "17.1-20200929-unofficial-ulysse": 1,
  "lineage_ugglite-userdebug 10 qq2a.200501.001.b2 eng.akbar.20200525.165800 test-keys": 1,
  "lineage_ugglite-userdebug 10 qq3a.200605.001 eng.adisub.20200616.160435 test-keys": 1,
  "qq2a.200405.005": 3,
  "qq3a.200605.001": 1,
  "qq3a.200705.002": 1,
  "redmi note 5a lite": 9,
  "rr_ugglite-userdebug 10 qq3a.200805.001 eng.heinzd.20200812.094916 test-keys": 19
}