{
  "1.0-20180726-m\u89bazrak-ugglite": 1,
  "1.0-20180726-unofficial-m\u89bazrak-ugglite": 13,
  "14.1-20180128-unofficial-ugglite": 1,
  "14.1-20180614-unofficial-ugglite": 18,
  "14.1-20180618-unofficial-mbtt-ugglite": 30,
  "14.1-20180620-unofficial-mbtt-ugglite": 1716,
  "14.1-20180624-unofficial-hybriss-ugglite": 12,
  "14.1-20190212-unofficial-ugglite": 3,
  "14.1-20190224-unofficial-nayef-ugglite": 8,
  "14.1-20190227-nightly-ugglite": 2,
  "14.1-20190307-unofficial-nayef-ugglite": 37,
  "14.1.0-ugglite": 269,
  "15.1-20180726-unofficial-ugglite": 11,
  "15.1-20190210-unofficial-mbtt-ugglite": 4,
  "15.1-20200530-unofficial-ugglite": 28,
  "15.1-20200927-unofficial-ugglite": 1,
  "15.1-20200928-unofficial-ugglite": 4,
  "15.1-20201001-unofficial-ugglite": 4,
  "15.1-20201002-unofficial-ugglite": 13,
  "15.1-20201005-unofficial-ugglite": 13,
  "15.1-20201006-unofficial-ugglite": 3,
  "15.1-20201007-unofficial-ugglite": 42,
  "15.1-20201119-unofficial-ugglite": 60,
  "16.0-20190828-unofficial-ugglite": 854,
  "16.0-20200326-unofficial-ugglite": 3,
  "16.0-20200531-unofficial-ugglite": 8,
  "16.0-20200628-unofficial-ugglite": 11,
  "16.0-20200720-unofficial-ugglite": 4,
  "16.0-20200820-unofficial-ugglite": 51,
  "17.0-20200109-unofficial-ugglite": 23,
  "17.0-20200410-unofficial-ugglite": 1,
  "17.1-20200422-unofficial-ugglite": 1,
  "17.1-20200423-unofficial-ugglite": 1,
  "17.1-20200430-unofficial-ugglite": 2,
  "17.1-20200509-unofficial-ugglite": 2,
  "17.1-20200613-unofficial-ugglite": 13,
  "17.1-20200723-unofficial-ugglite": 462,
  "17.1-20200821-unofficial-z3": 43,
  "17.1-20200929-unofficial-ulysse": 1,
  "17.1-20201107-unofficial-ugglite": 3,
  "17.1-20201109-unofficial-ugglite": 11,
  "17.1-20201223-official-ugglite": 1,
  "18.0-20201015-unofficial-ugglite": 1,
  "18.0-20201209-unofficial-ugglite": 1,
  "lineage_ugglite-userdebug 10 qq2a.200501.001.b2 eng.akbar.20200525.165800 test-keys": 1,
  "lineage_ugglite-userdebug 10 qq3a.200605.001 eng.adisub.20200616.160435 test-keys": 3,
  "qq2a.200405.005": 3,
  "qq3a.200605.001": 2,
  "qq3a.200705.002": 6,
  "qq3a.200805.001": 27,
  "redmi note 5a lite": 46,
  "rr_ugglite-userdebug 10 qq3a.200805.001 eng.heinzd.20200812.094916 test-keys": 61,
  "rr_ugglite-userdebug 10 qq3a.200905.001": 2,
  "rr_ugglite-userdebug 10 qq3a.200905.001 cc5a771be9 test-keys": 9,
  "ugglite-user 7.0 opd1.170816.012 ef494007 release-keys": 1,
  "ugglite-user 7.1.1 nmf26r a37eac85 release-keys": 1,
  "ugglite-user 8.0.0 opr6.170623.011 957cbbf6 release-keys": 1,
  "ugglite-user 9.0.0 nbd91z e2c5d722 release-keys": 1,
  "ugglite-user 9.0.0 nbd92d 4d4c1e3c release-keys": 1,
  "ugglite-user 9.0.0 nbd92d 5fa758c5 release-keys": 1
}