{
  "1.0-q-20201231-unofficial-begonia": 8,
  "16.0-20201008-unofficial-begonia": 7,
  "16.0-20201014-unofficial-begonia": 17,
  "16.0-20201102-unofficial-begonia": 5,
  "16.0-20201112-unofficial-begonia": 2,
  "16.0-20201121-unofficial-begonia": 1,
  "16.0-20201125-unofficial-begonia": 3,
  "16.0-20201126-unofficial-begonia": 4,
  "16.0-20201127-unofficial-begonia": 1,
  "16.0-20201130-unofficial-begonia": 10,
  "16.0-20201207-unofficial-begonia": 12,
  "16.0-20201210-unofficial-gapps-begonia": 5,
  "16.0-20201210-unofficial-nogapps-begonia": 1,
  "16.0-20201211-unofficial-gapps-begonia": 2,
  "16.0-20201212-unofficial-nogapps-begonia": 1,
  "16.0-20201213-unofficial-gapps-begonia": 3,
  "16.0-20201213-unofficial-nogapps-begonia": 3,
  "16.0-20201215-unofficial-gapps-begonia": 6,
  "16.0-20201216-unofficial-gapps-begonia": 10,
  "16.0-20201216-unofficial-nogapps-begonia": 4,
  "16.0-20201223-unofficial-gapps-begonia": 3,
  "16.0-20201223-unofficial-nogapps-begonia": 12,
  "16.0-20201226-unofficial-gapps-begonia": 4,
  "16.0-20201226-unofficial-nogapps-begonia": 1,
  "16.0-20201227-unofficial-gapps-begonia": 1,
  "16.0-20201231-unofficial-gapps-begonia": 3,
  "16.0-20201231-unofficial-nogapps-begonia": 1,
  "17.1-20200330-unofficial-hyper-begonia": 1,
  "17.1-20200413-unofficial-begonia": 1,
  "17.1-20200505-unofficial-begonia": 1,
  "17.1-20200606-unofficial-begonia": 4,
  "17.1-20200811-unofficial-begonia": 39,
  "17.1-20200904-unofficial-begonia": 5,
  "17.1-20200922-unofficial-begonia": 210,
  "17.1-20201015-unofficial-jasmine_sprout": 1,
  "17.1-20201122-unofficial-begonia": 1,
  "17.1-20201129-unofficial-begonia": 75,
  "17.1-20201203-unofficial-begonia": 2,
  "17.1-20201215-unofficial-begonia": 2,
  "17.1-20201217-unofficial-begonia": 3,
  "17.1-20201218-unofficial-begonia": 5,
  "17.1-20201220-unofficial-begonia": 3,
  "17.1-20201221-unofficial-begonia": 24,
  "17.1-20201227-unofficial-begonia": 45,
  "3.r": 60,
  "3.r.beta-2": 2,
  "3.r.beta3": 464,
  "4.r": 142,
  "begonia-user 10 qp1a.190711.020 v12.0.3.0.qggmixm release-keys": 1,
  "lineage_begonia-userdebug 10 qq3a.200605.001 eng.thepsa.20200628.152726 test-keys": 4,
  "lineage_begonia-userdebug 11 rp1a.201105.002 eng.bhadur.20201119.194222 test-keys": 28,
  "malluos-10.0-20200716-begonia-unofficial": 1,
  "qq3a.200605.001": 2,
  "qq3a.200705.002": 2,
  "qq3a.200805.001": 50,
  "rr_begonia-userdebug 10 qq3a.200805.001 7f4546f52f test-keys": 426,
  "rr_begonia-userdebug 10 qq3a.200805.001 eng.ubuntu.20200813.230703 test-keys": 4,
  "rr_begonia-userdebug 10 qq3a.200905.001 eng.elias.20201115.124621 release-keys": 1,
  "treble_arm64_bgn-userdebug 10 qq3a.200905.001 eng.diust.20201123.163348 test-keys": 1,
  "treble_arm64_bvn-userdebug 10 qq3a.200905.001 eng.diust.20201120.084731 test-keys": 1,
  "treble_arm64_bvn-userdebug 10 qq3a.200905.001 eng.diust.20201222.182702 test-keys": 5,
  "treble_arm64_bvn-userdebug 10 qq3a.200905.001 eng.igor.20201111.184406 test-keys": 20
}