{
  "17.1-20200618-unofficial-": 10,
  "17.1-20200715-unofficial-tissot": 790,
  "17.1-20200808-unofficial-": 1,
  "17.1-20200821-unofficial-z3": 283,
  "treble_a64_bvn-userdebug 10 qq3a.200805.001 eng.igor.20200902.102235 test-keys": 1,
  "treble_a64_bvn-userdebug 10 qq3a.200905.001 eng.diust.20201121.031131 test-keys": 1,
  "treble_arm64_bgn-userdebug 10 qq3a.200905.001 eng.diust.20201122.154631 test-keys": 5,
  "treble_arm64_bgn-userdebug 10 qq3a.200905.001 eng.diust.20201123.163348 test-keys": 5,
  "treble_arm64_bvn-userdebug 10 qq3a.200805.001 eng.luke_u.20200815.070014 test-keys": 2,
  "treble_arm64_bvn-userdebug 10 qq3a.200905.001 eng.diust.20201120.084731 test-keys": 8,
  "treble_arm64_bvn-userdebug 10 qq3a.200905.001 eng.igor.20200914.210059 test-keys": 3,
  "treble_arm64_bvn-userdebug 10 qq3a.200905.001 eng.igor.20201019.185735 test-keys": 16,
  "treble_arm64_bvn-userdebug 10 qq3a.200905.001 eng.igor.20201111.184406 test-keys": 5
}