{
  "14.1-20191209-unofficial-libra": 9,
  "14.1-20191229-unofficial-libra": 2,
  "14.1-20200109-unofficial-capricorn": 1,
  "16.0-20190524-unofficial-cepheus": 8,
  "16.0-20190704-unofficial-cepheus": 1,
  "16.0-20190714-unofficial-cepheus": 1,
  "16.0-20190819-unofficial-cepheus": 3,
  "16.0-20190914-unofficial-cepheus": 2,
  "16.0-20190923-unofficial-cepheus": 21,
  "17.0-20191125-unofficial-cepheus": 3,
  "17.0-20191201-unofficial-cepheus": 10,
  "17.0-20191202-unofficial-cepheus": 55,
  "17.0-20191205-unofficial-cepheus": 86,
  "17.0-20191219-unofficial-cepheus": 44,
  "17.0-20191221-unofficial-cepheus": 79,
  "17.0-20191225-unofficial-cepheus": 1,
  "17.0-20191226-unofficial-cepheus": 9,
  "17.0-20191227-unofficial-cepheus": 163,
  "17.0-20191229-unofficial-cepheus": 4,
  "17.0-20200102-unofficial-cepheus": 6,
  "17.0-20200103-unofficial-cepheus": 1,
  "17.0-20200105-unofficial-cepheus": 1,
  "17.0-20200112-unofficial-cepheus": 1,
  "17.1-20200103-unofficial-cepheus": 1,
  "17.1-20200104-unofficial-cepheus": 14,
  "17.1-20200105-unofficial-cepheus": 1,
  "17.1-20200107-unofficial-cepheus": 2,
  "17.1-20200108-unofficial-cepheus": 7,
  "17.1-20200109-unofficial-cepheus": 1,
  "17.1-20200110-unofficial-cepheus": 99,
  "17.1-20200111-unofficial-cepheus": 1,
  "17.1-20200112-unofficial-cepheus": 39,
  "17.1-20200114-unofficial-cepheus": 19,
  "17.1-20200116-unofficial-cepheus": 22,
  "17.1-20200119-unofficial-cepheus": 1,
  "17.1-20200121-unofficial-cepheus": 1,
  "17.1-20200124-unofficial-cepheus": 37,
  "17.1-20200126-unofficial-cepheus": 120,
  "17.1-20200129-unofficial-cepheus": 1,
  "17.1-20200130-unofficial-cepheus": 1,
  "17.1-20200202-unofficial-cepheus": 2,
  "17.1-20200204-unofficial-cepheus": 53,
  "17.1-20200205-unofficial-cepheus": 3,
  "17.1-20200206-unofficial-cepheus": 1,
  "17.1-20200208-unofficial-cepheus": 1,
  "17.1-20200210-unofficial-cepheus": 1,
  "17.1-20200212-unofficial-cepheus": 3,
  "17.1-20200214-unofficial-cepheus": 5,
  "17.1-20200215-unofficial-cepheus": 59,
  "17.1-20200218-unofficial-cepheus": 45,
  "17.1-20200222-unofficial-cepheus": 10,
  "17.1-20200223-unofficial-cepheus": 2,
  "cepheus-user 7.1.2qkq1.190716.003 4g68k2d5r0 release-keys": 1,
  "pkq1.181121.001": 4,
  "rr_cepheus-userdebug 10 qp1a.191105.004 eng.koen01.20191126.071945 test-keys": 1,
  "rr_cepheus-userdebug 10 qp1a.191105.004 eng.slack.20200111.130221 test-keys": 5
}