{
  "10.0-20201201-unofficial-snapshot-umi": 22,
  "17.1-20200927-unofficial-umi": 7,
  "17.1-20200928-unofficial-umi": 9,
  "17.1-20200929-unofficial-umi": 8,
  "17.1-20200930-unofficial-umi": 12,
  "17.1-20201001-unofficial-umi": 12,
  "17.1-20201002-unofficial-umi": 83,
  "17.1-20201004-unofficial-umi": 6,
  "17.1-20201005-unofficial-umi": 13,
  "17.1-20201006-unofficial-umi": 31,
  "17.1-20201007-unofficial-umi": 4,
  "17.1-20201008-unofficial-umi": 7,
  "17.1-20201009-unofficial-umi": 66,
  "17.1-20201010-unofficial-umi": 5,
  "17.1-20201011-unofficial-umi": 1,
  "17.1-20201012-unofficial-umi": 26,
  "17.1-20201013-unofficial-umi": 65,
  "17.1-20201018-unofficial-umi": 1,
  "17.1-20201019-unofficial-umi": 3,
  "17.1-20201020-unofficial-umi": 163,
  "17.1-20201111-unofficial-umi": 1,
  "18.0-20201016-unofficial-umi": 1,
  "18.0-20201017-unofficial-umi": 1,
  "18.0-20201019-unofficial-umi": 1,
  "18.0-20201020-unofficial-umi": 1,
  "18.0-20201028-unofficial-umi": 1,
  "18.0-20201030-unofficial-umi": 27,
  "18.0-20201031-unofficial-umi": 1,
  "18.0-20201101-unofficial-umi": 82,
  "18.0-20201102-unofficial-umi": 97,
  "18.0-20201106-unofficial-umi": 2,
  "18.0-20201107-unofficial-umi": 134,
  "18.0-20201226-unofficial-umi": 1,
  "18.0-20201230-unofficial-umi": 1,
  "18.0-20210102-unofficial-umi": 1,
  "qq3a.200905.001 test-keys": 243,
  "rr_picasso-userdebug 10 qq3a.200905.001 eng.zhuofa.20201027.125607 release-keys": 1,
  "rr_umi-userdebug 10 qq3a.200905.001 eng.season.20201126.032429 test-keys": 3,
  "rr_umi-userdebug 10 qq3a.200905.001 eng.season.20201202.143159 test-keys": 1
}