{
  "0.12-q-20201001-unofficial-onclite": 12,
  "0.12-q-20201021-unofficial-onclite": 1,
  "10.0.0-unofficial-20200828": 1,
  "14.1-20200106-unofficial-j2lte": 1,
  "17.1-20200204-unofficial-onclite": 1,
  "17.1-20200208-unofficial-onclite": 4,
  "17.1-20200209-unofficial-onclite": 1,
  "17.1-20200215-unofficial-onclite": 7,
  "17.1-20200223-unofficial-onclite": 11,
  "17.1-20200227-unofficial-onclite": 1,
  "17.1-20200314-unofficial-onclite": 1,
  "17.1-20200317-unofficial-onclite": 2,
  "17.1-20200404-unofficial-onclite": 4,
  "17.1-20200409-unofficial-onclite": 15,
  "17.1-20200529-nightly-onclite": 1,
  "17.1-20200531-nightly-onclite": 1,
  "17.1-20200602-nightly-onclite": 1,
  "17.1-20200603-nightly-onclite": 1,
  "17.1-20200607-nightly-onclite": 3,
  "17.1-20200614-nightly-onclite": 7,
  "17.1-20200621-nightly-onclite": 6,
  "17.1-20200628-nightly-onclite": 16,
  "17.1-20200705-nightly-onclite": 10,
  "17.1-20200712-nightly-onclite": 15,
  "17.1-20200719-nightly-onclite": 17,
  "17.1-20200726-nightly-onclite": 41,
  "17.1-20200809-nightly-onclite": 27,
  "17.1-20200816-nightly-onclite": 20,
  "17.1-20200820-microg-onclite": 4,
  "17.1-20200823-nightly-onclite": 43,
  "17.1-20200826-microg-onclite": 3,
  "17.1-20200830-nightly-onclite": 26,
  "17.1-20200906-nightly-onclite": 32,
  "17.1-20200913-nightly-onclite": 110,
  "17.1-20200916-unofficial-onclite": 1,
  "17.1-20200920-nightly-onclite": 232,
  "17.1-20200923-unofficial-onclite": 1,
  "17.1-20200924-microg-onclite": 2,
  "17.1-20200927-nightly-onclite": 220,
  "17.1-20201002-unofficial-onclite": 4,
  "17.1-20201004-nightly-onclite": 227,
  "17.1-20201006-unofficial-onclite": 1,
  "17.1-20201008-unofficial-onclite": 1,
  "17.1-20201011-nightly-onclite": 252,
  "17.1-20201015-microg-onclite": 23,
  "17.1-20201018-nightly-onclite": 291,
  "18.0-20201021-unofficial-onclite": 3,
  "lineage_onclite-userdebug 10 qq3a.200705.002 eng.mylove.20200726.011802 test-keys": 2,
  "lineage_onclite-userdebug 10 qq3a.200805.001 ee40cd590e": 1,
  "qq3a.200705.002": 4,
  "qq3a.200805.001 release-keys": 2,
  "rr_onclite-userdebug 10 qq3a.200805.001 eng.ubuntu.20200815.151955 test-keys": 35,
  "rr_onclite-userdebug 10 qq3a.200805.001 eng.ubuntu.20200909.140723 release-keys": 161,
  "rr_onclite-userdebug 10 qq3a.200905.001 eng.ubuntu.20200927.010636 test-keys": 28
}