{
  "17.1-20200715-unofficial-tissot": 1455,
  "17.1-20200821-unofficial-z3": 963,
  "treble_arm64_bvn-userdebug 10 qq3a.200905.001 eng.diust.20201222.182702 test-keys": 3,
  "treble_arm64_bvn-userdebug 10 qq3a.200905.001 eng.igor.20200914.210059 test-keys": 2
}