{
  "17.1-20200815-unofficial-miatoll": 30,
  "17.1-20200818-unofficial-miatoll": 1,
  "17.1-20200821-unofficial-miatoll": 5,
  "17.1-20200825-unofficial-miatoll": 76,
  "17.1-20200831-unofficial-miatoll": 5,
  "17.1-20200903-unofficial-miatoll": 5,
  "17.1-20200904-unofficial-miatoll": 2,
  "17.1-20200908-unofficial-miatoll": 8,
  "17.1-20200909-unofficial-miatoll": 29,
  "17.1-20200913-unofficial-miatoll": 67,
  "17.1-20200924-unofficial-miatoll": 8,
  "17.1-20200926-unofficial-miatoll": 1,
  "17.1-20200927-unofficial-miatoll": 1,
  "17.1-20200928-unofficial-miatoll": 2,
  "17.1-20200929-unofficial-miatoll": 24,
  "17.1-20200930-unofficial-miatoll": 6,
  "17.1-20201001-unofficial-miatoll": 2,
  "17.1-20201005-unofficial-miatoll": 1,
  "17.1-20201010-unofficial-miatoll": 3,
  "17.1-20201025-unofficial-miatoll": 1,
  "18.0-20200930-unofficial-miatoll": 51,
  "18.0-20201001-unofficial-miatoll": 183,
  "18.0-20201007-unofficial-miatoll": 110,
  "18.0-20201008-unofficial-miatoll": 13,
  "18.0-20201009-unofficial-miatoll": 1,
  "18.0-20201010-unofficial-miatoll": 5,
  "18.0-20201011-unofficial-miatoll": 103,
  "18.0-20201014-unofficial-miatoll": 80,
  "18.0-20201017-unofficial-miatoll": 68,
  "18.0-20201020-unofficial-miatoll": 16,
  "18.0-20201022-unofficial-miatoll": 156,
  "18.0-20201027-unofficial-miatoll": 282,
  "18.0-20201102-unofficial-miatoll": 66,
  "18.0-20201104-unofficial-miatoll": 177,
  "18.0-20201109-unofficial-miatoll": 8,
  "18.0-20201111-unofficial-miatoll": 21,
  "18.0-20201112-unofficial-miatoll": 39,
  "18.0-20201116-unofficial-miatoll": 3,
  "18.0-20201117-unofficial-miatoll": 2,
  "18.0-20201118-unofficial-miatoll": 27,
  "18.0-20201119-unofficial-miatoll": 1,
  "18.0-20201120-unofficial-miatoll": 2,
  "18.0-20201121-unofficial-miatoll": 3,
  "lineage_miatoll-userdebug 11 rp1a.200720.009 eng.wight5.20200918.144602 test-keys": 105,
  "lineage_miatoll-userdebug 11 rp1a.200720.009 eng.wight5.20200922.235304 test-keys": 83,
  "lineage_miatoll-userdebug 11 rp1a.200720.009 eng.wight5.20200925.093937 test-keys": 127,
  "qq3a.200805.001": 3,
  "sunfish-user 11 rp1a.200720.011 6746289 release-keys": 1
}