{
  "17.1-20200815-unofficial-miatoll": 43,
  "17.1-20200818-unofficial-miatoll": 4,
  "17.1-20200821-unofficial-miatoll": 9,
  "17.1-20200825-unofficial-miatoll": 137,
  "17.1-20200831-unofficial-miatoll": 5,
  "17.1-20200903-unofficial-miatoll": 8,
  "17.1-20200904-unofficial-miatoll": 2,
  "17.1-20200908-unofficial-miatoll": 8,
  "17.1-20200909-unofficial-miatoll": 35,
  "17.1-20200913-unofficial-miatoll": 83,
  "17.1-20200924-unofficial-miatoll": 8,
  "17.1-20200926-unofficial-miatoll": 2,
  "17.1-20200927-unofficial-miatoll": 1,
  "17.1-20200928-unofficial-miatoll": 2,
  "17.1-20200929-unofficial-miatoll": 32,
  "17.1-20200930-unofficial-miatoll": 6,
  "17.1-20201001-unofficial-miatoll": 2,
  "17.1-20201005-unofficial-miatoll": 1,
  "17.1-20201010-unofficial-miatoll": 3,
  "17.1-20201025-unofficial-miatoll": 1,
  "17.1-20201211-unofficial-miatoll": 3,
  "17.1-20201212-unofficial-miatoll": 1,
  "17.1-20201213-unofficial-miatoll": 15,
  "18.0-20200930-unofficial-miatoll": 51,
  "18.0-20201001-unofficial-miatoll": 197,
  "18.0-20201007-unofficial-miatoll": 111,
  "18.0-20201008-unofficial-miatoll": 13,
  "18.0-20201009-unofficial-miatoll": 1,
  "18.0-20201010-unofficial-miatoll": 5,
  "18.0-20201011-unofficial-miatoll": 108,
  "18.0-20201014-unofficial-miatoll": 80,
  "18.0-20201017-unofficial-miatoll": 68,
  "18.0-20201020-unofficial-miatoll": 16,
  "18.0-20201022-unofficial-miatoll": 157,
  "18.0-20201027-unofficial-miatoll": 399,
  "18.0-20201102-unofficial-miatoll": 67,
  "18.0-20201104-unofficial-miatoll": 190,
  "18.0-20201109-unofficial-miatoll": 8,
  "18.0-20201111-unofficial-miatoll": 20,
  "18.0-20201112-unofficial-miatoll": 41,
  "18.0-20201116-unofficial-miatoll": 2,
  "18.0-20201117-unofficial-miatoll": 2,
  "18.0-20201118-unofficial-miatoll": 77,
  "18.0-20201119-unofficial-miatoll": 1,
  "18.0-20201120-unofficial-miatoll": 2,
  "18.0-20201121-unofficial-miatoll": 3,
  "18.0-20201122-unofficial-miatoll": 5,
  "18.0-20201124-unofficial-miatoll": 38,
  "18.0-20201126-unofficial-miatoll": 38,
  "18.0-20201127-unofficial-miatoll": 97,
  "18.0-20201129-unofficial-miatoll": 15,
  "18.0-20201130-unofficial-miatoll": 401,
  "18.0-20201208-unofficial-miatoll": 1,
  "18.0-20201226-unofficial-miatoll": 7,
  "2.0.0": 5,
  "lineage_miatoll-userdebug 11 rp1a.200720.009 eng.wight5.20200918.144602 test-keys": 169,
  "lineage_miatoll-userdebug 11 rp1a.200720.009 eng.wight5.20200922.235304 test-keys": 91,
  "lineage_miatoll-userdebug 11 rp1a.200720.009 eng.wight5.20200925.093937 test-keys": 127,
  "qq3a.200805.001": 3,
  "spiceos-2.0-beta-20201127-miatoll-unofficial": 2,
  "sunfish-user 11 rp1a.200720.011 6746289 release-keys": 1
}