{
  "14.1-20170321-unofficial-aries": 1,
  "14.1-20170321-unofficial-sirius": 2,
  "14.1-20170327-unofficial-sirius": 2,
  "14.1-20170402-unofficial-sirius": 18,
  "14.1-20170418-unofficial-sirius": 5,
  "14.1-20170504-unofficial-sirius": 5,
  "14.1-20170523-unofficial-sirius": 4,
  "14.1-20170611-unofficial-sirius": 13,
  "14.1-20170717-unofficial-sirius": 97,
  "14.1-20180425-unofficial-sirius": 4,
  "14.1-20180515-unofficial-sirius": 1,
  "15.1-20180206-unofficial-sirius": 449,
  "15.1-20190204-unofficial-sirius": 1,
  "16.0-20190421-unofficial-sirius": 60,
  "16.0-20190514-unofficial-sirius": 49,
  "16.0-20190524-unofficial-sirius": 4,
  "16.0-20190527-unofficial-sirius": 2,
  "16.0-20190530-unofficial-sirius": 1,
  "16.0-20190604-unofficial-sirius": 34,
  "16.0-20190608-unofficial-sirius": 1,
  "16.0-20190611-unofficial-sirius": 64,
  "16.0-20190616-unofficial-sirius": 26,
  "16.0-20190621-unofficial-sirius": 1,
  "16.0-20190622-unofficial-sirius": 12,
  "16.0-20190625-dev-sirius": 1,
  "16.0-20190625-unofficial-sirius": 48,
  "16.0-20190627-unofficial-sirius": 31,
  "16.0-20190702-unofficial-sirius": 23,
  "16.0-20190704-unofficial-sirius": 65,
  "16.0-20190715-unofficial-sirius": 12,
  "16.0-20190716-unofficial-sirius": 1,
  "16.0-20190729-unofficial-sirius": 2,
  "16.0-20190801-unofficial-sirius": 1,
  "aosp_vince-userdebug 9 pq3a.190505.002 eng.root.20190601.000325 test-keys": 1,
  "aosp_vince-userdebug 9 pq3a.190605.003 eng.root.20190609.084314 test-keys": 1
}