{
  "0.12-q-20201021-unofficial-sirius": 2,
  "10.0-20200912-unofficial-snapshot-sirius": 11,
  "10.0-20201016-unofficial-snapshot-sirius": 1,
  "10.0-20201119-unofficial-snapshot-sirius": 1,
  "10.0-20201121-unofficial-snapshot-sirius": 1,
  "14.1-20170321-unofficial-aries": 1,
  "14.1-20170321-unofficial-sirius": 1,
  "14.1-20170402-unofficial-sirius": 6,
  "14.1-20170418-unofficial-sirius": 3,
  "14.1-20170504-unofficial-sirius": 2,
  "14.1-20170523-unofficial-sirius": 2,
  "14.1-20170611-unofficial-sirius": 4,
  "14.1-20170717-unofficial-sirius": 48,
  "15.1-20180206-unofficial-sirius": 70,
  "15.1-20190204-unofficial-sirius": 1,
  "15.1-20191013-unofficial-mido": 2,
  "16.0-20190625-unofficial-sirius": 3,
  "16.0-20190704-unofficial-sirius": 1,
  "16.0-20190715-unofficial-sirius": 2,
  "16.0-20190907-unofficial-sirius": 3,
  "16.0-20191005-unofficial-sirius": 1,
  "16.0-20191225-unofficial-sirius": 1,
  "16.0-20200525-unofficial-hammerhead": 20,
  "17.1-20200218-unofficial-sirius": 14,
  "17.1-20200221-unofficial-sirius": 1,
  "17.1-20200223-unofficial-sirius": 9,
  "17.1-20200316-unofficial-sirius": 151,
  "17.1-20200502-unofficial-sirius": 2,
  "17.1-20200514-unofficial-sirius": 11,
  "17.1-20200525-unofficial-sirius": 10,
  "17.1-20200713-unofficial-sirius": 3,
  "17.1-20200715-unofficial-tissot": 187,
  "17.1-20200730-unofficial-sirius": 334,
  "17.1-20200812-unofficial-sirius": 2,
  "17.1-20200821-unofficial-z3": 129,
  "17.1-20200917-unofficial-sirius": 37,
  "17.1-20201218-unofficial-sirius": 2,
  "18.0-20201118-unofficial-sirius": 46,
  "18.0-20201201-unofficial-sirius": 44,
  "18.0-20201205-unofficial-sirius": 19,
  "18.0-20201206-unofficial-sirius": 1,
  "18.0-20201207-unofficial-sirius": 1,
  "18.0-20201210-unofficial-sirius": 1,
  "18.0-20201212-unofficial-sirius": 6,
  "18.0-20201223-unofficial-sirius": 1,
  "a60q-user 7.1.2ppr1.180610.011 gw2tgh6gj6 release-keys": 1,
  "alp-al00-user 7.1.2huaweialp-al00 6xb2211t2y release-keys": 1,
  "hermes-user 7.1.2lrx22g w4i41lj2fi release-keys": 1,
  "lineage_oneplus3-userdebug 7.1.2 njh47f 0ed0f823b3 test-keys": 1,
  "lineage_sirius-userdebug 10 qq2a.200405.005 eng.tunaha.20200516.044047 test-keys": 181,
  "lineage_sirius-userdebug 10 qq2a.200501.001.b2 eng.tunaha.20200524.011359 test-keys": 149,
  "lineage_sirius-userdebug 10 qq3a.200705.002 eng.aomsin.20200820.081346 test-keys": 1,
  "lineage_sirius-userdebug 10 qq3a.200805.001 eng.root.20200927.115249 test-keys": 2,
  "lineage_sirius-userdebug 10 qq3a.200805.001 eng.root.20200928.000822 test-keys": 1,
  "oppo6750_15127-user 7.1.2lmy47i 98d3183e05 release-keys": 1,
  "pd1821-user 7.1.2pkq1.181016.001 4hco255is9 release-keys": 1,
  "pkq1.181030.001": 1,
  "pra-al00x 8.0.0.355(c00)": 3,
  "qq3a.200805.001": 7,
  "rr_joan-userdebug 10 qq3a.200905.001 eng.fran.20201111.194204 test-keys": 2,
  "rr_sirius-userdebug 10 qq3a.200805.001 eng.guoxia.20200817.121503 test-keys": 1,
  "rr_sirius-userdebug 10 qq3a.200805.001 eng.guoxia.20200823.005256 test-keys": 1,
  "rr_sirius-userdebug 10 qq3a.200805.001 eng.guoxia.20200827.200355 test-keys": 10,
  "rr_sirius-userdebug 10 qq3a.200805.001 eng.guoxia.20200831.221719 test-keys": 4,
  "rr_sirius-userdebug 10 qq3a.200905.001 eng.guoxia.20200914.221943 release-keys": 33,
  "rr_sirius-userdebug 10 qq3a.200905.001 eng.guoxia.20201009.194947 release-keys": 1,
  "rr_sirius-userdebug 10 qq3a.200905.001 eng.guoxia.20201012.174142 release-keys": 1,
  "rr_sirius-userdebug 10 qq3a.200905.001 eng.guoxia.20201012.193248 release-keys": 47,
  "rr_sirius-userdebug 10 qq3a.200905.001 eng.guoxia.20201020.005537 release-keys": 6,
  "rr_sirius-userdebug 10 qq3a.200905.001 eng.guoxia.20201110.182437 release-keys": 1,
  "sdm660_64-user 7.1.2opm1.171019.011 t9ry4ksi87 release-keys": 1,
  "sirius-user 7.1.2pkq1.181121.001 0453n4ix9w release-keys": 1,
  "sirius-user 7.1.2pkq1.181121.001 05tpu8lqks release-keys": 1,
  "sirius-user 7.1.2pkq1.181121.001 06rme86bp3 release-keys": 1,
  "sirius-user 7.1.2pkq1.181121.001 0rwq70015k release-keys": 1,
  "sirius-user 7.1.2pkq1.181121.001 0wg4txey81 release-keys": 1,
  "sirius-user 7.1.2pkq1.181121.001 1131j5m8wg release-keys": 1,
  "sirius-user 7.1.2pkq1.181121.001 142z9ys452 release-keys": 1,
  "sirius-user 7.1.2pkq1.181121.001 18v56c1v58 release-keys": 1,
  "sirius-user 7.1.2pkq1.181121.001 1b9mm1260i release-keys": 1,
  "sirius-user 7.1.2pkq1.181121.001 1i0s5489h2 release-keys": 1,
  "sirius-user 7.1.2pkq1.181121.001 1q869iimg9 release-keys": 1,
  "sirius-user 7.1.2pkq1.181121.001 20w541d7hp release-keys": 1,
  "sirius-user 7.1.2pkq1.181121.001 2355t9ltt5 release-keys": 1,
  "sirius-user 7.1.2pkq1.181121.001 241377x7zf release-keys": 1,
  "sirius-user 7.1.2pkq1.181121.001 2996b07pc0 release-keys": 1,
  "sirius-user 7.1.2pkq1.181121.001 2t1n2l25ve release-keys": 1,
  "sirius-user 7.1.2pkq1.181121.001 33ns2buwc6 release-keys": 1,
  "sirius-user 7.1.2pkq1.181121.001 37fo88o93z release-keys": 1,
  "sirius-user 7.1.2pkq1.181121.001 3bfs0vqcg4 release-keys": 1,
  "sirius-user 7.1.2pkq1.181121.001 3cnag503i7 release-keys": 1,
  "sirius-user 7.1.2pkq1.181121.001 3h3hf6iqe6 release-keys": 1,
  "sirius-user 7.1.2pkq1.181121.001 3mo79y63i2 release-keys": 1,
  "sirius-user 7.1.2pkq1.181121.001 41f7frr006 release-keys": 1,
  "sirius-user 7.1.2pkq1.181121.001 432n82cn0o release-keys": 1,
  "sirius-user 7.1.2pkq1.181121.001 45z956la92 release-keys": 1,
  "sirius-user 7.1.2pkq1.181121.001 47eeq2638d release-keys": 1,
  "sirius-user 7.1.2pkq1.181121.001 49hv3tv360 release-keys": 1,
  "sirius-user 7.1.2pkq1.181121.001 4bphtom5nr release-keys": 1,
  "sirius-user 7.1.2pkq1.181121.001 4nx6d7p5kh release-keys": 1,
  "sirius-user 7.1.2pkq1.181121.001 4unuy5nw8b release-keys": 1,
  "sirius-user 7.1.2pkq1.181121.001 50k848834z release-keys": 1,
  "sirius-user 7.1.2pkq1.181121.001 5562zyk867 release-keys": 1,
  "sirius-user 7.1.2pkq1.181121.001 575y92fp9b release-keys": 1,
  "sirius-user 7.1.2pkq1.181121.001 57c3ao04g1 release-keys": 1,
  "sirius-user 7.1.2pkq1.181121.001 57t77ks8t0 release-keys": 1,
  "sirius-user 7.1.2pkq1.181121.001 5ljwm4f4k1 release-keys": 1,
  "sirius-user 7.1.2pkq1.181121.001 5n8095k898 release-keys": 1,
  "sirius-user 7.1.2pkq1.181121.001 5y2om40k56 release-keys": 1,
  "sirius-user 7.1.2pkq1.181121.001 606801f945 release-keys": 1,
  "sirius-user 7.1.2pkq1.181121.001 624347xksd release-keys": 1,
  "sirius-user 7.1.2pkq1.181121.001 66tolqin88 release-keys": 1,
  "sirius-user 7.1.2pkq1.181121.001 6h88cax026 release-keys": 1,
  "sirius-user 7.1.2pkq1.181121.001 6wd3839asb release-keys": 1,
  "sirius-user 7.1.2pkq1.181121.001 6xkc65i17j release-keys": 1,
  "sirius-user 7.1.2pkq1.181121.001 7h4i0rmgk0 release-keys": 1,
  "sirius-user 7.1.2pkq1.181121.001 7mq93lc5e4 release-keys": 1,
  "sirius-user 7.1.2pkq1.181121.001 7u375e2is6 release-keys": 1,
  "sirius-user 7.1.2pkq1.181121.001 811u29slpw release-keys": 1,
  "sirius-user 7.1.2pkq1.181121.001 813391c98b release-keys": 1,
  "sirius-user 7.1.2pkq1.181121.001 8b71c0rr6q release-keys": 1,
  "sirius-user 7.1.2pkq1.181121.001 8lw53444up release-keys": 1,
  "sirius-user 7.1.2pkq1.181121.001 8rp8jbc784 release-keys": 1,
  "sirius-user 7.1.2pkq1.181121.001 8z12315u7y release-keys": 1,
  "sirius-user 7.1.2pkq1.181121.001 9030x5akt5 release-keys": 1,
  "sirius-user 7.1.2pkq1.181121.001 96jqo6oc2o release-keys": 1,
  "sirius-user 7.1.2pkq1.181121.001 972m3o3wuf release-keys": 1,
  "sirius-user 7.1.2pkq1.181121.001 974w35th7e release-keys": 1,
  "sirius-user 7.1.2pkq1.181121.001 9jqc9ofk51 release-keys": 1,
  "sirius-user 7.1.2pkq1.181121.001 9vk318892o release-keys": 1,
  "sirius-user 7.1.2pkq1.181121.001 9z7ly03o34 release-keys": 1,
  "sirius-user 7.1.2pkq1.181121.001 aanko4sy18 release-keys": 1,
  "sirius-user 7.1.2pkq1.181121.001 ba16vjeuaa release-keys": 1,
  "sirius-user 7.1.2pkq1.181121.001 cand2587vw release-keys": 1,
  "sirius-user 7.1.2pkq1.181121.001 dxlih9ty71 release-keys": 1,