{
  "10.0-20201030-official-snapshot-violet": 6,
  "10.0-20201102-official-snapshot-violet": 32,
  "16.0-20190420-unofficial-violet": 1,
  "16.0-20190522-unofficial-violet": 7,
  "16.0-20190528-unofficial-violet": 1,
  "16.0-20190609-unofficial-violet": 1,
  "16.0-20190806-nightly-violet": 20,
  "16.0-20190807-microg-violet": 2,
  "16.0-20200202-unofficial-violet": 1,
  "16.0-20200209-unofficial-violet": 1,
  "16.0-20200212-unofficial-violet": 1,
  "16.0-20200402-unofficial-violet": 1,
  "16.0-20200415-unofficial-violet": 21,
  "16.0-20200511-unofficial-violet": 3,
  "16.0-20200525-unofficial-hammerhead": 18,
  "16.0-20200713-unofficial-violet": 6,
  "16.0-20200905-unofficial-violet": 1,
  "16.0-20201107-unofficial-violet": 2,
  "16.0-20201119-unofficial-violet": 1,
  "17.0-20191206-unofficial-violet": 1,
  "17.1-20200405-unofficial-violet": 1,
  "17.1-20200423-unofficial-violet": 11,
  "17.1-20200425-unofficial-violet": 39,
  "17.1-20200501-unofficial-violet": 1,
  "17.1-20200505-unofficial-violet": 5,
  "17.1-20200506-unofficial-violet": 1,
  "17.1-20200616-unofficial-violet": 8,
  "17.1-20200720-unofficial-violet": 4,
  "17.1-20200810-unofficial-merothh-violet": 171,
  "17.1-20200821-unofficial-z3": 340,
  "17.1-20201001-unofficial-violet": 64,
  "17.1-20201011-unofficial-violet": 1,
  "17.1-20201107-unofficial-violet": 2,
  "17.1-20201114-unofficial-violet": 1,
  "17.1-20201116-unofficial-violet": 2,
  "17.1-20201126-unofficial-merothh-violet": 4,
  "18.0-20201024-unofficial-violet": 47,
  "18.0-20201108-unofficial-violet": 2,
  "18.0-20201109-unofficial-violet": 1,
  "18.0-20201110-unofficial-violet": 3,
  "18.0-20201111-unofficial-violet": 3,
  "18.0-20201114-unofficial-violet": 1,
  "3.r": 242,
  "3.r.beta-2": 237,
  "3.r.beta3": 3,
  "col-al10-user 7.1.2huaweicol-al10 jy5mj9dk57 release-keys": 1,
  "lavender-user 7.1.2pkq1.180904.001 6wc69d9386 release-keys": 1,
  "malluos-10.0-20200717-violet-official": 2,
  "meri-user 7.1.2n2g47j pcxjgxssa8 release-keys": 1,
  "pkq1.181203.001": 1,
  "qq3a.200705.002 release-keys": 1,
  "qq3a.200805.001 release-keys": 217,
  "qq3a.200805.001 test-keys": 108,
  "redmi note 7 pro": 42,
  "rr_violet-userdebug 10 qq3a.200805.001 9 test-keys": 2,
  "rr_violet-userdebug 10 qq3a.200805.001 eng.ubuntu.20200824.081203 dev-keys": 1,
  "rr_violet-userdebug 10 qq3a.200805.001 eng.ubuntu.20200901.060343 dev-keys": 27,
  "rr_violet-userdebug 10 qq3a.200905.001 1 release-keys": 1,
  "rr_violet-userdebug 10 qq3a.200905.001 18 release-keys": 4,
  "rr_violet-userdebug 10 qq3a.200905.001 3 release-keys": 142,
  "rr_violet-userdebug 10 qq3a.200905.001 5 release-keys": 14,
  "rr_violet-userdebug 10 qq3a.200905.001 eng.dheere.20201001.061120 release-keys": 198,
  "rr_violet-userdebug 10 qq3a.200905.001 eng.ubuntu.20200911.082909 release-keys": 1,
  "rr_violet-userdebug 10 qq3a.200905.001 eng.ubuntu.20200913.045035 release-keys": 181,
  "rr_violet-userdebug 10 qq3a.200905.001 eng.ubuntu.20200922.125538 release-keys": 3,
  "rr_violet-userdebug 10 qq3a.200905.001 eng.ubuntu.20201007.133534 test-keys": 2,
  "rr_violet-userdebug 10 qq3a.200905.001 eng.ubuntu.20201008.215927 test-keys": 9,
  "rr_violet-userdebug 10 qq3a.200905.001 eng.ubuntu.20201009.134740 release-keys": 4,
  "rr_violet-userdebug 10 qq3a.200905.001 eng.ubuntu.20201010.114913 release-keys": 215,
  "rr_violet-userdebug 10 qq3a.200905.001 eng.ubuntu.20201022.101507 test-keys": 1,
  "rr_violet-userdebug 10 qq3a.200905.001 eng.ubuntu.20201110.152028 release-keys": 2,
  "rr_violet-userdebug 10 qq3a.200905.001 eng.ubuntu.20201111.140011 release-keys": 1,
  "rr_violet-userdebug 10 qq3a.200905.001 eng.ubuntu.20201112.072905 release-keys": 1,
  "rr_violet-userdebug 10 qq3a.200905.001 eng.ubuntu.20201113.031119 release-keys": 260,
  "rr_violet-userdebug 10 qq3a.200905.001 eng.ubuntu.20201113.043537 release-keys": 294,
  "rr_violet-userdebug 10 qq3a.200905.001 eng.ubuntu.20201127.172045 release-keys": 1,
  "rr_violet-userdebug 10 qq3a.200905.001 eng.ubuntu.20201210.165157 release-keys": 1,
  "rr_violet-userdebug 10 qq3a.200905.001 eng.ubuntu.20201211.090259 release-keys": 1,
  "rr_violet-userdebug 10 qq3a.200905.001 eng.ubuntu.20201211.172012 release-keys": 9,
  "rr_violet-userdebug 10 qq3a.200905.001 eng.ubuntu.20201211.195030 release-keys": 19,
  "violet-user 7.1.2pkq1.181203.001 01m4rxdfm1 release-keys": 1,
  "violet-user 7.1.2pkq1.181203.001 091qa206v2 release-keys": 1,
  "violet-user 7.1.2pkq1.181203.001 0b124u5et7 release-keys": 1,
  "violet-user 7.1.2pkq1.181203.001 0flc4629c2 release-keys": 1,
  "violet-user 7.1.2pkq1.181203.001 0i08t3w7ju release-keys": 1,
  "violet-user 7.1.2pkq1.181203.001 0l3a6801no release-keys": 1,
  "violet-user 7.1.2pkq1.181203.001 12l56223vp release-keys": 1,
  "violet-user 7.1.2pkq1.181203.001 1kgq0p9g3v release-keys": 1,
  "violet-user 7.1.2pkq1.181203.001 274x01ed9a release-keys": 1,
  "violet-user 7.1.2pkq1.181203.001 28240lwgla release-keys": 1,
  "violet-user 7.1.2pkq1.181203.001 2dn96p1zcr release-keys": 1,
  "violet-user 7.1.2pkq1.181203.001 2i68i28196 release-keys": 1,
  "violet-user 7.1.2pkq1.181203.001 2lo3t1g28j release-keys": 1,
  "violet-user 7.1.2pkq1.181203.001 3fg9fm7j2e release-keys": 1,
  "violet-user 7.1.2pkq1.181203.001 3za6234hro release-keys": 1,
  "violet-user 7.1.2pkq1.181203.001 3zm95211ht release-keys": 1,
  "violet-user 7.1.2pkq1.181203.001 430516ou55 release-keys": 1,
  "violet-user 7.1.2pkq1.181203.001 4br2k54055 release-keys": 1,
  "violet-user 7.1.2pkq1.181203.001 4ps908yi3l release-keys": 1,
  "violet-user 7.1.2pkq1.181203.001 4td97s292d release-keys": 1,
  "violet-user 7.1.2pkq1.181203.001 4umx91bi87 release-keys": 1,
  "violet-user 7.1.2pkq1.181203.001 549hyo9g2j release-keys": 1,
  "violet-user 7.1.2pkq1.181203.001 54d7o81g2h release-keys": 1,
  "violet-user 7.1.2pkq1.181203.001 54js2s864z release-keys": 1,
  "violet-user 7.1.2pkq1.181203.001 58u8bpty9j release-keys": 1,
  "violet-user 7.1.2pkq1.181203.001 58un78a556 release-keys": 1,
  "violet-user 7.1.2pkq1.181203.001 591t88i133 release-keys": 1,
  "violet-user 7.1.2pkq1.181203.001 5d3099kb8n release-keys": 1,
  "violet-user 7.1.2pkq1.181203.001 62geo18x48 release-keys": 1,
  "violet-user 7.1.2pkq1.181203.001 64ajn1d8k9 release-keys": 1,
  "violet-user 7.1.2pkq1.181203.001 6kz0630qqv release-keys": 1,
  "violet-user 7.1.2pkq1.181203.001 6qv52si2k4 release-keys": 1,
  "violet-user 7.1.2pkq1.181203.001 71856b6l97 release-keys": 1,
  "violet-user 7.1.2pkq1.181203.001 71q3u6aa04 release-keys": 1,
  "violet-user 7.1.2pkq1.181203.001 729nnhpvzo release-keys": 1,
  "violet-user 7.1.2pkq1.181203.001 74r34z8auo release-keys": 1,
  "violet-user 7.1.2pkq1.181203.001 75w4aaqj3j release-keys": 1,
  "violet-user 7.1.2pkq1.181203.001 786w20m8et release-keys": 1,
  "violet-user 7.1.2pkq1.181203.001 7l368v2qfi release-keys": 1,
  "violet-user 7.1.2pkq1.181203.001 836exwu60v release-keys": 1,
  "violet-user 7.1.2pkq1.181203.001 83r5209s0i release-keys": 1,
  "violet-user 7.1.2pkq1.181203.001 88pcyx7f29 release-keys": 1,
  "violet-user 7.1.2pkq1.181203.001 8959a04o4k release-keys": 1,
  "violet-user 7.1.2pkq1.181203.001 8pf46b3eii release-keys": 1,
  "violet-user 7.1.2pkq1.181203.001 8tdm254k45 release-keys": 1,
  "violet-user 7.1.2pkq1.181203.001 9005msn0a9 release-keys": 1,
  "violet-user 7.1.2pkq1.181203.001 91f17njom3 release-keys": 1,
  "violet-user 7.1.2pkq1.181203.001 951pb12608 release-keys": 1,
  "violet-user 7.1.2pkq1.181203.001 96113m749x release-keys": 1,
  "violet-user 7.1.2pkq1.181203.001 9660e3kdyb release-keys": 1,
  "violet-user 7.1.2pkq1.181203.001 9685b2155o release-keys": 1,
  "violet-user 7.1.2pkq1.181203.001 99637e1v8f release-keys": 1,
  "violet-user 7.1.2pkq1.181203.001 9a0u3qx6mi release-keys": 1,
  "violet-user 7.1.2pkq1.181203.001 9b0y0nf3a8 release-keys": 1,
  "violet-user 7.1.2pkq1.181203.001 9fvbm2k652 release-keys": 1,
  "violet-user 7.1.2pkq1.181203.001 9pkcca5lk6 release-keys": 1,