{
  "10.0-20200701-unofficial-snapshot-ocean": 2,
  "10.0-20201026-unofficial-snapshot-ocean": 7,
  "16.0-20190918-unofficial-ocean": 1,
  "16.0-20190926-unofficial-ocean": 3,
  "16.0-20191001-unofficial-ocean": 24,
  "16.0-20200215-unofficial-ocean": 18,
  "16.0-20200219-unofficial-ocean": 6,
  "16.0-20200310-unofficial-ocean": 20,
  "17.1-20200302-unofficial-ocean": 6,
  "17.1-20200511-unofficial-ocean": 2,
  "17.1-20200516-unofficial-ocean": 3,
  "17.1-20200517-unofficial-ocean": 1,
  "17.1-20200528-unofficial-ocean": 1,
  "17.1-20200715-unofficial-ocean": 2,
  "17.1-20200728-unofficial-ocean": 5,
  "17.1-20200818-unofficial-ocean": 4,
  "17.1-20200912-nightly-ocean": 36,
  "17.1-20200915-unofficial-ocean": 1,
  "17.1-20200918-unofficial-ocean": 1,
  "17.1-20200919-nightly-ocean": 127,
  "17.1-20200924-microg-ocean": 33,
  "17.1-20200926-nightly-ocean": 108,
  "17.1-20200926-unofficial-ocean": 4,
  "17.1-20201003-nightly-ocean": 79,
  "17.1-20201003-unofficial-ocean": 3,
  "17.1-20201007-unofficial-ocean": 1,
  "17.1-20201010-nightly-ocean": 99,
  "17.1-20201012-unofficial-ocean": 2,
  "17.1-20201015-microg-ocean": 17,
  "17.1-20201017-nightly-ocean": 91,
  "17.1-20201017-unofficial-ocean": 1,
  "17.1-20201021-unofficial-ocean": 2,
  "17.1-20201024-nightly-ocean": 120,
  "17.1-20201024-unofficial-ocean": 11,
  "17.1-20201026-unofficial-ocean": 1,
  "17.1-20201031-nightly-ocean": 8,
  "lineage-ocean": 1,
  "ocean-user 10 qpo30.52-29 c0490 release-keys": 1,
  "qq3a.200805.001": 13,
  "qq3a.200905.001 release-keys": 69,
  "rr_ocean-eng 10 qq3a.200805.001 eng.deivid.20200820.002554 test-keys": 4,
  "rr_ocean-userdebug 10 qq3a.200905.001 eng.deivid.20200912.032654 test-keys": 15,
  "rr_ocean-userdebug 10 qq3a.200905.001 eng.deivid.20200924.203727 test-keys": 46,
  "rr_ocean-userdebug 10 qq3a.200905.001 eng.deivid.20201007.173919 release-keys": 74,
  "rr_ocean-userdebug 10 qq3a.200905.001 eng.deivid.20201017.165140 release-keys": 28,
  "rr_ocean-userdebug 10 qq3a.200905.001 eng.deivid.20201021.192237 release-keys": 62,
  "rr_ocean-userdebug 10 qq3a.200905.001 eng.steven.20200912.090801 test-keys": 1,
  "treble_arm64_bvn-userdebug 10 qq3a.200805.001 eng.igor.20200902.081544 test-keys": 1
}