{
  "10.0-20200701-unofficial-snapshot-ocean": 2,
  "10.0-20201026-unofficial-snapshot-ocean": 10,
  "16.0-20190918-unofficial-ocean": 1,
  "16.0-20190926-unofficial-ocean": 3,
  "16.0-20191001-unofficial-ocean": 28,
  "16.0-20200215-unofficial-ocean": 29,
  "16.0-20200219-unofficial-ocean": 7,
  "16.0-20200310-unofficial-ocean": 24,
  "17.1-20200302-unofficial-ocean": 11,
  "17.1-20200511-unofficial-ocean": 2,
  "17.1-20200516-unofficial-ocean": 3,
  "17.1-20200517-unofficial-ocean": 1,
  "17.1-20200528-unofficial-ocean": 1,
  "17.1-20200715-unofficial-ocean": 2,
  "17.1-20200728-unofficial-ocean": 5,
  "17.1-20200818-unofficial-ocean": 4,
  "17.1-20200912-nightly-ocean": 39,
  "17.1-20200915-unofficial-ocean": 1,
  "17.1-20200918-unofficial-ocean": 1,
  "17.1-20200919-nightly-ocean": 128,
  "17.1-20200924-microg-ocean": 38,
  "17.1-20200926-nightly-ocean": 114,
  "17.1-20200926-unofficial-ocean": 4,
  "17.1-20201003-nightly-ocean": 74,
  "17.1-20201003-unofficial-ocean": 3,
  "17.1-20201007-unofficial-ocean": 1,
  "17.1-20201010-nightly-ocean": 99,
  "17.1-20201012-unofficial-ocean": 2,
  "17.1-20201015-microg-ocean": 15,
  "17.1-20201017-nightly-ocean": 90,
  "17.1-20201017-unofficial-ocean": 1,
  "17.1-20201021-unofficial-ocean": 2,
  "17.1-20201024-nightly-ocean": 86,
  "17.1-20201024-unofficial-ocean": 52,
  "17.1-20201026-unofficial-ocean": 1,
  "17.1-20201030-unofficial-ocean": 3,
  "17.1-20201031-nightly-ocean": 109,
  "17.1-20201106-unofficial-ocean": 4,
  "17.1-20201107-nightly-ocean": 118,
  "17.1-20201107-unofficial-ocean": 1,
  "17.1-20201109-microg-ocean": 33,
  "17.1-20201112-unofficial-ocean": 3,
  "17.1-20201113-unofficial-ocean": 2,
  "17.1-20201114-nightly-ocean": 127,
  "17.1-20201114-unofficial-ocean": 22,
  "17.1-20201116-unofficial-ocean": 4,
  "17.1-20201117-unofficial-ocean": 1,
  "17.1-20201118-unofficial-ocean": 6,
  "17.1-20201119-unofficial-ocean": 3,
  "17.1-20201120-unofficial-ocean": 8,
  "17.1-20201121-nightly-ocean": 150,
  "17.1-20201123-unofficial-ocean": 1,
  "17.1-20201124-unofficial-ocean": 3,
  "17.1-20201128-nightly-ocean": 4,
  "lineage-ocean": 4,
  "ocean-user 10 qpo30.52-29 c0490 release-keys": 5,
  "qq3a.200805.001": 24,
  "qq3a.200905.001 release-keys": 78,
  "rr_ocean-eng 10 qq3a.200805.001 eng.deivid.20200820.002554 test-keys": 4,
  "rr_ocean-userdebug 10 qq3a.200905.001 eng.deivid.20200912.032654 test-keys": 15,
  "rr_ocean-userdebug 10 qq3a.200905.001 eng.deivid.20200924.203727 test-keys": 47,
  "rr_ocean-userdebug 10 qq3a.200905.001 eng.deivid.20201007.173919 release-keys": 76,
  "rr_ocean-userdebug 10 qq3a.200905.001 eng.deivid.20201017.165140 release-keys": 25,
  "rr_ocean-userdebug 10 qq3a.200905.001 eng.deivid.20201021.192237 release-keys": 125,
  "rr_ocean-userdebug 10 qq3a.200905.001 eng.deivid.20201110.061803 release-keys": 124,
  "rr_ocean-userdebug 10 qq3a.200905.001 eng.steven.20200912.090801 test-keys": 1,
  "treble_arm64_bvn-userdebug 10 qq3a.200805.001 eng.igor.20200902.081544 test-keys": 1
}