{
  "16.0-20191018-unofficial-rmx1971": 1,
  "16.0-20191202-unofficial-rmx1971": 77,
  "16.0-20200214-unofficial-rmx1971": 1,
  "17.1-20200416-unofficial-rmx1971": 8,
  "17.1-20200518-unofficial-rmx1971": 31,
  "17.1-20200820-unofficial-rmx1971": 10,
  "17.1-20200920-unofficial-rmx1971": 3,
  "17.1-20201002-unofficial-rmx1971": 3,
  "17.1-20201006-unofficial-rmx1971": 1,
  "17.1-20201007-unofficial-rmx1971": 4,
  "17.1-20201008-unofficial-rmx1971": 4,
  "17.1-20201009-unofficial-rmx1971": 5,
  "17.1-20201015-unofficial-rmx1971": 125,
  "17.1-20201119-unofficial-rmx1971": 18,
  "17.1-20201213-unofficial-rmx1971": 1,
  "18.0-20201121-unofficial-rmx1971": 21,
  "18.0-20201122-unofficial-rmx1971": 1,
  "lineage_rmx1971-userdebug 11 rp1a.201105.002 eng.nao.20201125.051927 test-keys": 1,
  "lineage_rmx1971-userdebug 11 rp1a.201105.002 eng.nao.20201126.043701 test-keys": 1,
  "lineage_rmx1971-userdebug 11 rp1a.201105.002 eng.nao.20201127.143011 test-keys": 1,
  "lineage_rmx1971-userdebug 11 rp1a.201105.002 eng.nao.20201128.101035 test-keys": 1,
  "lineage_rmx1971-userdebug 11 rp1a.201105.002 eng.nao.20201128.121954 test-keys": 1,
  "lineage_rmx1971-userdebug 11 rp1a.201105.002 eng.nao.20201129.224526 test-keys": 1,
  "qq3a.200805.001": 21,
  "rmx1971": 11,
  "rr_rmx1971-userdebug 10 qq3a.200805.001 eng.akhil.20200904.191248 test-keys": 1,
  "rr_rmx1971-userdebug 10 qq3a.200805.001 eng.ubuntu.20200824.153612 test-keys": 54,
  "rr_rmx1971-userdebug 10 qq3a.200905.001 54a463fec7 release-keys": 1,
  "rr_rmx1971-userdebug 10 qq3a.200905.001 eng.luckyv.20201201.054718 release-keys": 4,
  "rr_rmx1971-userdebug 10 qq3a.200905.001 eng.luckyv.20201201.102353 release-keys": 176,
  "rr_rmx1971-userdebug 10 qq3a.200905.001 eng.ubuntu.20200910.194022 release-keys": 99,
  "rr_rmx1971-userdebug 10 qq3a.200905.001 eng.ubuntu.20200911.074443 release-keys": 9,
  "rr_rmx1971-userdebug 10 qq3a.200905.001 eng.ubuntu.20201012.150725 release-keys": 94,
  "rr_rmx1971-userdebug 10 qq3a.200905.001 eng.ubuntu.20201020.174900 release-keys": 220
}