{
  "14.1-20170125-unofficial-a6000": 3,
  "14.1-20170205-unofficial-a6000": 46,
  "14.1-20170210-unofficial-a6000": 10,
  "14.1-20170225-unofficial-a6000": 35,
  "14.1-20170228-unofficial-a6000": 4,
  "14.1-20170313-unofficial-a6000": 2,
  "14.1-20170403-unofficial-a6000": 26,
  "14.1-20170422-nightly-a6000": 6,
  "14.1-20170514-unofficial-a6000": 3,
  "14.1-20170607-unofficial-a6000": 2,
  "14.1-20170614-unofficial-a6000": 2,
  "14.1-20170705-unofficial-a6000": 4,
  "14.1-20170706-unofficial-a6000": 38,
  "14.1-20170731-unofficial-hyperteam-a6000": 1,
  "14.1-20170813-unofficial-a6000": 1,
  "14.1-20170831-unofficial-a6000": 38,
  "15.1-20180210-hyper-a6000": 5,
  "15.1-20180216-hyper-a6000": 10,
  "15.1-20180308-hyper-a6000": 6,
  "15.1-20180413-hyper-a6000": 18,
  "15.1-20180514-unofficial-a6000": 12,
  "15.1-20180604-hyper-a6000": 1,
  "15.1-20180611-hyper-a6000": 3,
  "15.1-20180720-hyper-a6000": 2,
  "15.1-20180724-hyper-a6000": 8,
  "15.1-20180807-hyper-stable-a6000": 70,
  "15.1-20180807-hyper-stable-rendang": 1,
  "15.1-20200522-unofficial-a6000": 16,
  "16.0-20190302-unofficial-a6000": 3,
  "16.0-20190309-hyper-a6000": 4,
  "16.0-20190316-hyper-a6000": 5,
  "16.0-20190417-unofficial-a6000": 5,
  "16.0-20190509-unofficial-a6000": 6,
  "16.0-20190610-unofficial-a6000": 17,
  "16.0-20190610-unofficial-a6010": 30,
  "16.0-20190808-unofficial": 2,
  "16.0-20190808-unofficial-a6000": 256,
  "17.0-20200102-unofficial-a6000": 4,
  "17.1": 1,
  "17.1-20200121-unofficial-a6000": 92,
  "17.1-20200205-unofficial-a6000": 742,
  "17.1-20200206-unofficial-a6000": 5,
  "17.1-20200907-unofficial-a6000": 4,
  "17.1-20200913-unofficial-a6000": 1,
  "17.1-20200916-unofficial-a6000": 55,
  "17.1-20201024-unofficial-a6000": 19,
  "17.1-20201104-unofficial-a37": 2,
  "17.1-20201112-unofficial-a6000": 1,
  "17.1-20201113-unofficial-a6000": 5,
  "18.0-20201004-unofficial-a6000": 1,
  "18.0-20201018-unofficial-a6000": 8,
  "18.0-20201021-unofficial-a6000": 3,
  "18.0-20201025-unofficial-a6000": 9,
  "18.0-20201121-unofficial-a6000": 28,
  "lineage_a6000-userdebug 10 qq3a.200805.001 eng.xvae.20201118.051554 test-keys": 16,
  "lineage_a6000-userdebug 10 qq3a.200805.001 eng.xvae.20201217.052544 test-keys": 1,
  "lineage_a6000-userdebug 7.1.2 njh47f 972fe43752 test-keys": 3,
  "nuclearom-v-unofficial[7.1.2]--20171117-2103": 7,
  "rr_a6000-userdebug 10 qp1a.191105.004 eng.acrore.20191229.172644 test-keys": 22
}