{
  "1.1-20171215-amateur-a6000": 4,
  "14.1-20170125-unofficial-a6000": 5,
  "14.1-20170205-unofficial-a6000": 45,
  "14.1-20170210-unofficial-a6000": 41,
  "14.1-20170225-unofficial-a6000": 193,
  "14.1-20170228-unofficial-a6000": 7,
  "14.1-20170313-unofficial-a6000": 1,
  "14.1-20170403-unofficial-a6000": 37,
  "14.1-20170422-nightly-a6000": 5,
  "14.1-20170514-unofficial-a6000": 1,
  "14.1-20170607-unofficial-a6000": 2,
  "14.1-20170614-unofficial-a6000": 2,
  "14.1-20170705-unofficial-a6000": 1,
  "14.1-20170706-unofficial-a6000": 55,
  "14.1-20170706-unofficial-dev_harsh1998-a6000": 4,
  "14.1-20170721-unofficial-a6000": 1,
  "14.1-20170731-unofficial-hyperteam-a6000": 2,
  "14.1-20170813-unofficial-a6000": 6,
  "14.1-20170831-unofficial-a6000": 78,
  "14.1-20171012-unofficial-a6000": 1,
  "15.1-20180210-hyper-a6000": 14,
  "15.1-20180216-hyper-a6000": 30,
  "15.1-20180219-hyper-a6000": 7,
  "15.1-20180308-hyper-a6000": 9,
  "15.1-20180413-hyper-a6000": 39,
  "15.1-20180514-unofficial-a6000": 10,
  "15.1-20180604-hyper-a6000": 1,
  "15.1-20180611-hyper-a6000": 5,
  "15.1-20180720-hyper-a6000": 1,
  "15.1-20180720-unofficial-a6000": 2,
  "15.1-20180724-hyper-a6000": 20,
  "15.1-20180807-hyper-stable-a6000": 154,
  "16.0": 3,
  "16.0-20190301-unofficial-a6000": 3,
  "16.0-20190302-unofficial-a6000": 11,
  "16.0-20190305-unofficial-a6000": 6,
  "16.0-20190309-hyper-a6000": 9,
  "16.0-20190316-hyper-a6000": 21,
  "16.0-20190407-unofficial-a6000": 2,
  "16.0-20190417-unofficial-a6000": 10,
  "16.0-20190509-unofficial-a6000": 14,
  "16.0-20190610-unofficial-a6000": 24,
  "16.0-20190610-unofficial-a6010": 75,
  "16.0-20190808-unofficial-a6000": 899,
  "17.0-20191230-unofficial-a6000": 5,
  "17.0-20191231-unofficial-a6000": 3,
  "17.0-20200102-unofficial-a6000": 53,
  "17.0-20200104-unofficial-a6000": 26,
  "17.1-20200111-unofficial-a6000": 4,
  "17.1-20200112-unofficial-a6000": 20,
  "17.1-20200118-unofficial-a6000": 18,
  "17.1-20200121-unofficial-a6000": 137,
  "17.1-20200130-unofficial-a6000": 1,
  "17.1-20200131-unofficial-a6000": 1,
  "17.1-20200202-unofficial-a6000": 5,
  "17.1-20200204-unofficial-a6000": 15,
  "17.1-20200205-unofficial-a6000": 187,
  "17.1-20200206-unofficial-a6000": 21,
  "a5000_s119_150820_8g_row": 4,
  "nuclearom-v-unofficial[7.1.2]--20171117-2103": 19,
  "rr_a6000-userdebug 10 qp1a.191105.004 eng.acrore.20191227.190322 test-keys": 3,
  "rr_a6000-userdebug 10 qp1a.191105.004 eng.acrore.20191228.004901 test-keys": 1,
  "rr_a6000-userdebug 10 qp1a.191105.004 eng.acrore.20191229.004003 test-keys": 1,
  "rr_a6000-userdebug 10 qp1a.191105.004 eng.acrore.20191229.135408 test-keys": 21,
  "rr_a6000-userdebug 10 qp1a.191105.004 eng.acrore.20191229.172644 test-keys": 153
}