{
  "16.0-20200605-unofficial-olive": 305,
  "17.1-20200123-unofficial-olive": 8,
  "17.1-20200124-unofficial-olive": 2,
  "17.1-20200125-unofficial-olive": 10,
  "17.1-20200127-unofficial-olive": 364,
  "17.1-20200715-unofficial-tissot": 1547,
  "17.1-20200821-unofficial-z3": 560,
  "18.0-20201116-unofficial-olive": 2,
  "built.with.erfangsi.tools": 3,
  "cor-al00-user 7.1.2huaweicor-al00 x6468e08y5 release-keys": 1,
  "olive-user 7.1.2pkq1.190319.001 03m1f2wjyr release-keys": 1,
  "olive-user 7.1.2pkq1.190319.001 0721u1b978 release-keys": 1,
  "olive-user 7.1.2pkq1.190319.001 0b3y1d47b7 release-keys": 1,
  "olive-user 7.1.2pkq1.190319.001 0hr9ju52n0 release-keys": 1,
  "olive-user 7.1.2pkq1.190319.001 0t3i78v3sb release-keys": 1,
  "olive-user 7.1.2pkq1.190319.001 0zmw82p1wo release-keys": 1,
  "olive-user 7.1.2pkq1.190319.001 1023cq0bs9 release-keys": 1,
  "olive-user 7.1.2pkq1.190319.001 1624dj12yv release-keys": 1,
  "olive-user 7.1.2pkq1.190319.001 1b28sj8f88 release-keys": 1,
  "olive-user 7.1.2pkq1.190319.001 1fr3oi25w7 release-keys": 1,
  "olive-user 7.1.2pkq1.190319.001 1kqm824rtr release-keys": 1,
  "olive-user 7.1.2pkq1.190319.001 1lu4f3cbz7 release-keys": 1,
  "olive-user 7.1.2pkq1.190319.001 1n7t566vs0 release-keys": 1,
  "olive-user 7.1.2pkq1.190319.001 1nh85ionm8 release-keys": 1,
  "olive-user 7.1.2pkq1.190319.001 1ye5bhdz57 release-keys": 1,
  "olive-user 7.1.2pkq1.190319.001 24vt9n78t9 release-keys": 1,
  "olive-user 7.1.2pkq1.190319.001 254zah131t release-keys": 1,
  "olive-user 7.1.2pkq1.190319.001 29l6o94r6h release-keys": 1,
  "olive-user 7.1.2pkq1.190319.001 2c06d8iqou release-keys": 1,
  "olive-user 7.1.2pkq1.190319.001 2lzuakh8i1 release-keys": 1,
  "olive-user 7.1.2pkq1.190319.001 33a1q8n36a release-keys": 1,
  "olive-user 7.1.2pkq1.190319.001 3520t2jr89 release-keys": 1,
  "olive-user 7.1.2pkq1.190319.001 3sd4j1ed27 release-keys": 1,
  "olive-user 7.1.2pkq1.190319.001 41u56r41w7 release-keys": 1,
  "olive-user 7.1.2pkq1.190319.001 438yl8bqyt release-keys": 1,
  "olive-user 7.1.2pkq1.190319.001 43i3k6og5z release-keys": 1,
  "olive-user 7.1.2pkq1.190319.001 47jg04s31j release-keys": 1,
  "olive-user 7.1.2pkq1.190319.001 4hmyqia11r release-keys": 1,
  "olive-user 7.1.2pkq1.190319.001 4rm5llfo69 release-keys": 1,
  "olive-user 7.1.2pkq1.190319.001 555ligdv49 release-keys": 1,
  "olive-user 7.1.2pkq1.190319.001 55ardqj1a0 release-keys": 1,
  "olive-user 7.1.2pkq1.190319.001 58qd40m68q release-keys": 1,
  "olive-user 7.1.2pkq1.190319.001 6337i9m7cd release-keys": 1,
  "olive-user 7.1.2pkq1.190319.001 6725vj99mj release-keys": 1,
  "olive-user 7.1.2pkq1.190319.001 69hoak65qw release-keys": 1,
  "olive-user 7.1.2pkq1.190319.001 6f1kve90vu release-keys": 1,
  "olive-user 7.1.2pkq1.190319.001 6t91b61574 release-keys": 1,
  "olive-user 7.1.2pkq1.190319.001 740i9s4683 release-keys": 1,
  "olive-user 7.1.2pkq1.190319.001 74g80gn87m release-keys": 1,
  "olive-user 7.1.2pkq1.190319.001 77e1pnev5w release-keys": 1,
  "olive-user 7.1.2pkq1.190319.001 7bb2k4tf7j release-keys": 1,
  "olive-user 7.1.2pkq1.190319.001 7na7vtl78f release-keys": 1,
  "olive-user 7.1.2pkq1.190319.001 82u47v40g9 release-keys": 1,
  "olive-user 7.1.2pkq1.190319.001 85b93q10yh release-keys": 1,
  "olive-user 7.1.2pkq1.190319.001 8fpsrk99s4 release-keys": 1,
  "olive-user 7.1.2pkq1.190319.001 8immizg181 release-keys": 1,
  "olive-user 7.1.2pkq1.190319.001 8kxw9i1vd1 release-keys": 1,
  "olive-user 7.1.2pkq1.190319.001 90blve3z53 release-keys": 1,
  "olive-user 7.1.2pkq1.190319.001 99741g9ov5 release-keys": 1,
  "olive-user 7.1.2pkq1.190319.001 9n9753e138 release-keys": 1,
  "olive-user 7.1.2pkq1.190319.001 9otaus2j71 release-keys": 1,
  "olive-user 7.1.2pkq1.190319.001 9qzt2897o4 release-keys": 1,
  "olive-user 7.1.2pkq1.190319.001 9u1wp90aq7 release-keys": 1,
  "olive-user 7.1.2pkq1.190319.001 a197t497hk release-keys": 1,
  "olive-user 7.1.2pkq1.190319.001 a2672ol8dt release-keys": 1,
  "olive-user 7.1.2pkq1.190319.001 a4x1ffg9ku release-keys": 1,
  "olive-user 7.1.2pkq1.190319.001 aprd7s40m5 release-keys": 1,
  "olive-user 7.1.2pkq1.190319.001 b01zcx1518 release-keys": 1,
  "olive-user 7.1.2pkq1.190319.001 b3pnwvy867 release-keys": 1,
  "olive-user 7.1.2pkq1.190319.001 bw8q7329d9 release-keys": 1,
  "olive-user 7.1.2pkq1.190319.001 c18d8z427q release-keys": 1,
  "olive-user 7.1.2pkq1.190319.001 c57ukej2jt release-keys": 1,
  "olive-user 7.1.2pkq1.190319.001 c6027ik452 release-keys": 1,
  "olive-user 7.1.2pkq1.190319.001 cgxox0lbt5 release-keys": 1,
  "olive-user 7.1.2pkq1.190319.001 cn7gg74b8j release-keys": 1,
  "olive-user 7.1.2pkq1.190319.001 cs7h0gje93 release-keys": 1,
  "olive-user 7.1.2pkq1.190319.001 d1rg7877ct release-keys": 1,
  "olive-user 7.1.2pkq1.190319.001 d9431rlfhn release-keys": 1,
  "olive-user 7.1.2pkq1.190319.001 dh35y6611h release-keys": 1,
  "olive-user 7.1.2pkq1.190319.001 dqs5ef3f0d release-keys": 1,
  "olive-user 7.1.2pkq1.190319.001 dr5734346q release-keys": 1,
  "olive-user 7.1.2pkq1.190319.001 drmp0vs70d release-keys": 1,
  "olive-user 7.1.2pkq1.190319.001 f08ekhi511 release-keys": 1,
  "olive-user 7.1.2pkq1.190319.001 f2xo5p3ch5 release-keys": 1,
  "olive-user 7.1.2pkq1.190319.001 f9fi91fh0w release-keys": 1,
  "olive-user 7.1.2pkq1.190319.001 fu603k3kt6 release-keys": 1,
  "olive-user 7.1.2pkq1.190319.001 g139bcz6rv release-keys": 1,
  "olive-user 7.1.2pkq1.190319.001 g3qa6y7wet release-keys": 1,
  "olive-user 7.1.2pkq1.190319.001 ga9s61uf48 release-keys": 1,
  "olive-user 7.1.2pkq1.190319.001 gzm27q6s53 release-keys": 1,
  "olive-user 7.1.2pkq1.190319.001 h4bk36e892 release-keys": 1,
  "olive-user 7.1.2pkq1.190319.001 j6724ue89g release-keys": 1,
  "olive-user 7.1.2pkq1.190319.001 jg929t3w7t release-keys": 1,
  "olive-user 7.1.2pkq1.190319.001 jtl0th85rx release-keys": 1,
  "olive-user 7.1.2pkq1.190319.001 jvm580d2po release-keys": 1,
  "olive-user 7.1.2pkq1.190319.001 k4b61c9207 release-keys": 1,
  "olive-user 7.1.2pkq1.190319.001 k6o954k0tj release-keys": 1,
  "olive-user 7.1.2pkq1.190319.001 kozil33dg1 release-keys": 1,
  "olive-user 7.1.2pkq1.190319.001 m23q0sq344 release-keys": 1,
  "olive-user 7.1.2pkq1.190319.001 msqt45n7z5 release-keys": 1,
  "olive-user 7.1.2pkq1.190319.001 mv0gj0f82r release-keys": 1,
  "olive-user 7.1.2pkq1.190319.001 n6wm32i876 release-keys": 1,
  "olive-user 7.1.2pkq1.190319.001 n9n8cfw0gg release-keys": 1,
  "olive-user 7.1.2pkq1.190319.001 nf8vjwz1lh release-keys": 1,
  "olive-user 7.1.2pkq1.190319.001 nig235xkpy release-keys": 1,
  "olive-user 7.1.2pkq1.190319.001 nl87zt2iwu release-keys": 1,
  "olive-user 7.1.2pkq1.190319.001 nugtt47w23 release-keys": 1,
  "olive-user 7.1.2pkq1.190319.001 o2q111d4b1 release-keys": 1,
  "olive-user 7.1.2pkq1.190319.001 p09rul9wzw release-keys": 1,
  "olive-user 7.1.2pkq1.190319.001 pxk44606wy release-keys": 1,
  "olive-user 7.1.2pkq1.190319.001 q34338891y release-keys": 1,
  "olive-user 7.1.2pkq1.190319.001 q73pm6p7v0 release-keys": 1,
  "olive-user 7.1.2pkq1.190319.001 qb996o4c90 release-keys": 1,
  "olive-user 7.1.2pkq1.190319.001 r3z2n4jk23 release-keys": 1,
  "olive-user 7.1.2pkq1.190319.001 r4qo4686f0 release-keys": 1,
  "olive-user 7.1.2pkq1.190319.001 rvz732z8kt release-keys": 1,
  "olive-user 7.1.2pkq1.190319.001 rw7bk83195 release-keys": 1,
  "olive-user 7.1.2pkq1.190319.001 sk204j93f2 release-keys": 1,
  "olive-user 7.1.2pkq1.190319.001 t02183sk36 release-keys": 1,
  "olive-user 7.1.2pkq1.190319.001 t1yob67l7c release-keys": 1,
  "olive-user 7.1.2pkq1.190319.001 t6g91q4pqa release-keys": 1,
  "olive-user 7.1.2pkq1.190319.001 u2um6cn9k9 release-keys": 1,
  "olive-user 7.1.2pkq1.190319.001 u5579r7wf2 release-keys": 1,
  "olive-user 7.1.2pkq1.190319.001 uw423496cq release-keys": 1,
  "olive-user 7.1.2pkq1.190319.001 v7y0zva0tx release-keys": 1,
  "olive-user 7.1.2pkq1.190319.001 w74y4fzl50 release-keys": 1,
  "olive-user 7.1.2pkq1.190319.001 w84632ug55 release-keys": 1,
  "olive-user 7.1.2pkq1.190319.001 wjg2bj10e9 release-keys": 1,