{
  "13.0-20170113-unofficial-r9s": 19,
  "13.0-20170218-unofficial-r9s": 33,
  "14.1-20170325-unofficial-r9s": 537,
  "14.1-20170802-unofficial-r9s": 8,
  "14.1-20171224_083223-unofficial-r9s": 30,
  "14.1-20200216-unofficial-r9s": 8,
  "14.1-20200217-unofficial-r9s": 106,
  "15.1-20200223-unofficial-r9s": 13,
  "15.1-20200922-unofficial-oneplus3": 1,
  "a60q-user 7.1.2ppr1.180610.011 gw2tgh6gj6 release-keys": 1,
  "clt-al00-user 7.1.2huaweiclt-al00 y7o5h43x09 release-keys": 1,
  "ig-v3.0.5-super-r9s": 2,
  "lineage_gemini-userdebug 7.1.2 njh47f 8290c49eea test-keys": 21,
  "lineage_libra-userdebug 7.1.2 njh47f 7a94288115 test-keys": 1,
  "lineage_potter-userdebug 7.1.2 njh47f eb610ea8f8 test-keys": 1,
  "msm8953_64-user 7.1.2huaweidub-al00a 52i1g7f00k release-keys": 1,
  "njh47f release-keys": 1,
  "pcam10-user 7.1.2ppr1.180610.011 865a95uq98 release-keys": 1,
  "pd1709-user 7.1.2nmf26x fhs53q6893 release-keys": 1,
  "r9s-user 7.1.2mmb29m 01dc8i8160 release-keys": 1,
  "r9s-user 7.1.2mmb29m 050373i43j release-keys": 1,
  "r9s-user 7.1.2mmb29m 05270i907z release-keys": 1,
  "r9s-user 7.1.2mmb29m 055djb9qop release-keys": 1,
  "r9s-user 7.1.2mmb29m 0808ac825v release-keys": 1,
  "r9s-user 7.1.2mmb29m 08lmyfnufs release-keys": 1,
  "r9s-user 7.1.2mmb29m 09g6628hv6 release-keys": 1,
  "r9s-user 7.1.2mmb29m 0o857169bv release-keys": 1,
  "r9s-user 7.1.2mmb29m 0y30ourks8 release-keys": 1,
  "r9s-user 7.1.2mmb29m 10xkl4i4qi release-keys": 1,
  "r9s-user 7.1.2mmb29m 11s8c43gch release-keys": 1,
  "r9s-user 7.1.2mmb29m 15tmdjq6h9 release-keys": 1,
  "r9s-user 7.1.2mmb29m 1b8erx603c release-keys": 1,
  "r9s-user 7.1.2mmb29m 1im0li95c2 release-keys": 1,
  "r9s-user 7.1.2mmb29m 1lv15nf5vk release-keys": 1,
  "r9s-user 7.1.2mmb29m 1y1fannmqq release-keys": 1,
  "r9s-user 7.1.2mmb29m 1zf855j5ns release-keys": 1,
  "r9s-user 7.1.2mmb29m 2165671n7j release-keys": 1,
  "r9s-user 7.1.2mmb29m 2971729a8i release-keys": 1,
  "r9s-user 7.1.2mmb29m 2jkkt910w1 release-keys": 1,
  "r9s-user 7.1.2mmb29m 2s22k4jgha release-keys": 1,
  "r9s-user 7.1.2mmb29m 2za6chi7u4 release-keys": 1,
  "r9s-user 7.1.2mmb29m 321m1wt1n8 release-keys": 1,
  "r9s-user 7.1.2mmb29m 388s94cpc8 release-keys": 1,
  "r9s-user 7.1.2mmb29m 3q85dgjyo4 release-keys": 1,
  "r9s-user 7.1.2mmb29m 3uhow206j1 release-keys": 1,
  "r9s-user 7.1.2mmb29m 4fr5t8imvd release-keys": 1,
  "r9s-user 7.1.2mmb29m 4ndn7x53xt release-keys": 1,
  "r9s-user 7.1.2mmb29m 4tsey636yd release-keys": 1,
  "r9s-user 7.1.2mmb29m 5xbjpey07s release-keys": 1,
  "r9s-user 7.1.2mmb29m 62w3jy16nw release-keys": 1,
  "r9s-user 7.1.2mmb29m 63d14hlur2 release-keys": 1,
  "r9s-user 7.1.2mmb29m 64n3b2zo6q release-keys": 1,
  "r9s-user 7.1.2mmb29m 67qa983887 release-keys": 1,
  "r9s-user 7.1.2mmb29m 6g63gl3bc0 release-keys": 1,
  "r9s-user 7.1.2mmb29m 6ie30tjlf2 release-keys": 1,
  "r9s-user 7.1.2mmb29m 6o4r91k781 release-keys": 1,
  "r9s-user 7.1.2mmb29m 6q139l9d57 release-keys": 1,
  "r9s-user 7.1.2mmb29m 6ujj00l1b0 release-keys": 1,
  "r9s-user 7.1.2mmb29m 71fipf24dy release-keys": 1,
  "r9s-user 7.1.2mmb29m 730fluw190 release-keys": 1,
  "r9s-user 7.1.2mmb29m 76g8iqu2u1 release-keys": 1,
  "r9s-user 7.1.2mmb29m 797kn44t33 release-keys": 1,
  "r9s-user 7.1.2mmb29m 7ad50s8790 release-keys": 1,
  "r9s-user 7.1.2mmb29m 7e1l97ozcn release-keys": 1,
  "r9s-user 7.1.2mmb29m 7epbeju7ji release-keys": 1,
  "r9s-user 7.1.2mmb29m 7ev10384i4 release-keys": 1,
  "r9s-user 7.1.2mmb29m 7u4xz6z154 release-keys": 1,
  "r9s-user 7.1.2mmb29m 7yb6149u88 release-keys": 1,
  "r9s-user 7.1.2mmb29m 8487us129u release-keys": 1,
  "r9s-user 7.1.2mmb29m 8i9003py1o release-keys": 1,
  "r9s-user 7.1.2mmb29m 8nyl8144q8 release-keys": 1,
  "r9s-user 7.1.2mmb29m 8owwm7dodq release-keys": 1,
  "r9s-user 7.1.2mmb29m 91ly33c7r0 release-keys": 1,
  "r9s-user 7.1.2mmb29m 95rq389smu release-keys": 1,
  "r9s-user 7.1.2mmb29m 9690504557 release-keys": 1,
  "r9s-user 7.1.2mmb29m 9707u5y3p5 release-keys": 1,
  "r9s-user 7.1.2mmb29m 97y69r81i6 release-keys": 1,
  "r9s-user 7.1.2mmb29m 988x07yk32 release-keys": 1,
  "r9s-user 7.1.2mmb29m 98vmky5m79 release-keys": 1,
  "r9s-user 7.1.2mmb29m 9k0949x592 release-keys": 1,
  "r9s-user 7.1.2mmb29m 9kzkc9a45n release-keys": 1,
  "r9s-user 7.1.2mmb29m 9xdwnao63v release-keys": 1,
  "r9s-user 7.1.2mmb29m a8w3b7jq02 release-keys": 1,
  "r9s-user 7.1.2mmb29m acp1f1g42j release-keys": 1,
  "r9s-user 7.1.2mmb29m b9qd76a2ha release-keys": 1,
  "r9s-user 7.1.2mmb29m d63k764n2j release-keys": 1,
  "r9s-user 7.1.2mmb29m et574e6ce1 release-keys": 1,
  "r9s-user 7.1.2mmb29m f9j4ym89ha release-keys": 1,
  "r9s-user 7.1.2mmb29m fn582879tj release-keys": 1,
  "r9s-user 7.1.2mmb29m fpdr1s9989 release-keys": 1,
  "r9s-user 7.1.2mmb29m g257ww87so release-keys": 1,
  "r9s-user 7.1.2mmb29m gbh3p4e3w7 release-keys": 1,
  "r9s-user 7.1.2mmb29m h547ta18dk release-keys": 1,
  "r9s-user 7.1.2mmb29m he63suazl8 release-keys": 1,
  "r9s-user 7.1.2mmb29m hvs7q6q59l release-keys": 1,
  "r9s-user 7.1.2mmb29m i2q8zkna0y release-keys": 1,
  "r9s-user 7.1.2mmb29m i31edo3494 release-keys": 1,
  "r9s-user 7.1.2mmb29m i3s9dqjg26 release-keys": 1,
  "r9s-user 7.1.2mmb29m ig116066uw release-keys": 1,
  "r9s-user 7.1.2mmb29m ikzuzaz7n6 release-keys": 1,
  "r9s-user 7.1.2mmb29m iu7zk86egg release-keys": 1,
  "r9s-user 7.1.2mmb29m j049r49e00 release-keys": 1,
  "r9s-user 7.1.2mmb29m j67j1pe849 release-keys": 1,
  "r9s-user 7.1.2mmb29m jpb0855vk1 release-keys": 1,
  "r9s-user 7.1.2mmb29m k10es192rn release-keys": 1,
  "r9s-user 7.1.2mmb29m kq353kn7xr release-keys": 1,
  "r9s-user 7.1.2mmb29m l8s07x1102 release-keys": 1,
  "r9s-user 7.1.2mmb29m n4163p3ssp release-keys": 1,
  "r9s-user 7.1.2mmb29m n7upd64jzg release-keys": 1,
  "r9s-user 7.1.2mmb29m nuxx6n726n release-keys": 1,
  "r9s-user 7.1.2mmb29m ojj71a9a47 release-keys": 1,
  "r9s-user 7.1.2mmb29m p22mi690ga release-keys": 1,
  "r9s-user 7.1.2mmb29m ptg7u2kmwz release-keys": 1,
  "r9s-user 7.1.2mmb29m qd636oc6lp release-keys": 1,
  "r9s-user 7.1.2mmb29m qdiz85q662 release-keys": 1,
  "r9s-user 7.1.2mmb29m r45f0v48ak release-keys": 1,
  "r9s-user 7.1.2mmb29m r4u8b072vi release-keys": 1,
  "r9s-user 7.1.2mmb29m rc68w92j0t release-keys": 1,
  "r9s-user 7.1.2mmb29m sq49c4vd98 release-keys": 1,
  "r9s-user 7.1.2mmb29m tjj7gmb0qj release-keys": 1,
  "r9s-user 7.1.2mmb29m u06dmf68e2 release-keys": 1,
  "r9s-user 7.1.2mmb29m umx9iv3fsq release-keys": 1,
  "r9s-user 7.1.2mmb29m uwafl5373w release-keys": 1,
  "r9s-user 7.1.2mmb29m vd52166zsx release-keys": 1,
  "r9s-user 7.1.2mmb29m wvx0302wu8 release-keys": 1,
  "r9s-user 7.1.2mmb29m x6k4gr2g7h release-keys": 1,
  "r9s-user 7.1.2mmb29m y09h7b0367 release-keys": 1,
  "r9s-user 7.1.2mmb29m y5j8954hg6 release-keys": 1,
  "r9s-user 7.1.2mmb29m y63nwh9359 release-keys": 1,
  "r9s-user 7.1.2mmb29m yjo0775t4m release-keys": 1,
  "r9s-user 7.1.2mmb29m yk84662fm6 release-keys": 1,
  "r9s-user 7.1.2mmb29m yw0x674t59 release-keys": 1,
  "r9s-user 7.1.2mmb29m z5fxcs78e3 release-keys": 1,
  "r9s-user 7.1.2mmb29m ze6sot4oq7 release-keys": 1,
  "r9s-user 7.1.2mmb29m zx4mztniv4 release-keys": 1,
  "r9s_11_a.29_190124": 2,
  "r9s_11_d.01_170811": 1,
  "r9splus-user 7.1.2mmb29m 9m9507s3wu release-keys": 1,
  "r9st-user 7.1.2mmb29m 035s4a785p release-keys": 1,
  "r9st-user 7.1.2mmb29m 0469l45akg release-keys": 1,
  "r9st-user 7.1.2mmb29m 0a15s7a237 release-keys": 1,
  "r9st-user 7.1.2mmb29m 0d3o8d0wk5 release-keys": 1,
  "r9st-user 7.1.2mmb29m 0fl31xq040 release-keys": 1,
  "r9st-user 7.1.2mmb29m 0i3t58g6o3 release-keys": 1,
  "r9st-user 7.1.2mmb29m 0io540olh5 release-keys": 1,
  "r9st-user 7.1.2mmb29m 0q5f8c2232 release-keys": 1,
  "r9st-user 7.1.2mmb29m 0ys6zn3f17 release-keys": 1,
  "r9st-user 7.1.2mmb29m 1060986k8o release-keys": 1,
  "r9st-user 7.1.2mmb29m 1lksi169d4 release-keys": 1,
  "r9st-user 7.1.2mmb29m 1r5h035n6i release-keys": 1,
  "r9st-user 7.1.2mmb29m 1v28idt69o release-keys": 1,
  "r9st-user 7.1.2mmb29m 22h6sov9vv release-keys": 1,
  "r9st-user 7.1.2mmb29m 237r28133u release-keys": 1,