{
  "15.1-20180913-unofficial-dipper": 3,
  "15.1-20180919-unofficial-dipper": 1,
  "15.1-20180928-unofficial-dipper": 4,
  "15.1-20180930-unofficial-dipper": 1,
  "15.1-20181010-unofficial-dipper": 182,
  "16.0-20181016-unofficial-dipper": 24,
  "16.0-20181020-unofficial-dipper": 1,
  "16.0-20181023-unofficial-dipper": 1,
  "16.0-20181029-unofficial-dipper": 15,
  "16.0-20181117-unofficial-dipper": 2,
  "16.0-20181123-unofficial-dipper": 4,
  "16.0-20181130-unofficial-dipper": 7,
  "16.0-20181203-unofficial-dipper": 78,
  "16.0-20181205-unofficial-dipper": 2,
  "16.0-20181208-unofficial-dipper": 13,
  "16.0-20181213-unofficial-dipper": 141,
  "16.0-20181223-unofficial-dipper": 129,
  "16.0-20181227-unofficial-dipper": 1,
  "16.0-20181228-unofficial-dipper": 1,
  "16.0-20181230-unofficial-dipper": 49,
  "16.0-20190103-unofficial-dipper": 2,
  "16.0-20190104-unofficial-dipper": 37,
  "16.0-20190106-unofficial-dipper": 32,
  "16.0-20190107-unofficial-dipper": 62,
  "16.0-20190108-unofficial-dipper": 10,
  "16.0-20190110-unofficial-dipper": 45,
  "16.0-20190111-unofficial-dipper": 141,
  "16.0-20190112-unofficial-dipper": 2,
  "16.0-20190115-unofficial-dipper": 1,
  "16.0-20190121-unofficial-dipper": 156,
  "16.0-20190131-unofficial-dipper": 82,
  "16.0-20190207-unofficial-dipper": 31,
  "16.0-20190209-unofficial-dipper": 213,
  "16.0-20190302-unofficial-dipper": 1,
  "16.0-20190305-unofficial-dipper": 6,
  "16.0-20190306-unofficial-dipper": 5,
  "16.0-20190307-unofficial-dipper": 5,
  "mos-8.1.0-stable5.0-dipper": 3,
  "mos-9.0.0-beta1.0-dipper": 1,
  "mos-9.0.0-beta5.0-dipper": 8,
  "xenonhd_dipper-userdebug 9 pq1a.181205.006 cd8e0a538e test-keys": 2,
  "xenonhd_dipper-userdebug 9 pq1a.190105.004 195a2dbfd9 test-keys": 1,
  "xenonhd_dipper-userdebug 9 pq1a.190105.004 5906826bc6 test-keys": 1,
  "xenonhd_dipper-userdebug 9 pq1a.190105.004 eng.joe2k0.20190126.134525 test-keys": 1,
  "xenonhd_dipper-userdebug 9 pq1a.190105.004 eng.joe2k0.20190131.141126": 2,
  "xenonhd_dipper-userdebug 9 pq1a.190105.004 eng.joe2k0.20190202.170856": 4,
  "xenonhd_dipper-userdebug 9 pq1a.190105.004 eng.joe2k0.20190206.130642": 2,
  "xenonhd_dipper-userdebug 9 pq2a.190205.001 eng.joe2k0.20190208.193631": 4,
  "xenonhd_dipper-userdebug 9 pq2a.190205.001 eng.joe2k0.20190212.124457": 48,
  "xenonhd_dipper-userdebug 9 pq2a.190205.001 eng.joe2k0.20190218.162258": 1,
  "xenonhd_dipper-userdebug 9 pq2a.190205.001 eng.joe2k0.20190304.123749": 3
}